DatasetName,DatasetSize,NumClusters,NumFeatures,Suite,SweepVal,Mode,SwitchIter,Time,Memory_MB,ARI,DBI,Inertia,CenterDiff
SYNTH_K5_n100k,100000,5,3,A,0.0,Double,300.0,0.03954148292541504,0.9993003326545563,0.40468016243657584,2.4,298454.1482279201,0.0
SYNTH_K5_n100k,100000,5,3,A,0.0,AdaptiveHybrid,7.0,0.11023950576782227,3.5999999999999996,0.9992753541554531,0.4046751739594182,298455.5172880626,0.01318008421833789
SYNTH_K5_n100k,100000,5,3,A,0.0,Double,300.0,0.04308366775512695,0.9993003326545563,0.40468016243657584,2.4,298454.1482279201,0.0
SYNTH_K5_n100k,100000,5,3,A,0.0,AdaptiveHybrid,2.0,0.07510161399841309,3.5999999999999996,0.9992753541554531,0.4046751739594182,298454.1470726929,0.012627888872941544
SYNTH_K5_n100k,100000,5,3,A,0.0,Double,300.0,0.055564165115356445,0.9992753541554531,0.4046751739594182,2.4,298454.1470726929,0.0
SYNTH_K5_n100k,100000,5,3,A,0.0,AdaptiveHybrid,3.0,0.07715821266174316,3.5999999999999996,0.9992753541554531,0.4046751739594182,298454.1470726929,0.009643342897300754
SYNTH_K5_n100k,100000,5,3,B,0.1,Double,0.07982325553894043,0.9992753541554531,1000.0,0.4046751739594182,2.4,298455.8404837601,0.0
SYNTH_K5_n100k,100000,5,3,B,0.1,AdaptiveHybrid,6.0,0.08296871185302734,3.5999999999999996,0.9993003326545563,0.40468016243657584,298454.7296475068,0.008548698157631308
SYNTH_K5_n100k,100000,5,3,B,0.1,Double,0.05974888801574707,0.9993003326545563,1000.0,0.40468016243657584,2.4,298456.0681562379,0.0
SYNTH_K5_n100k,100000,5,3,B,0.1,AdaptiveHybrid,10.0,0.0789945125579834,3.5999999999999996,0.9992753541554531,0.4046751739594182,298454.1470726929,0.009110709301473828
SYNTH_K5_n100k,100000,5,3,B,0.1,Double,0.06467103958129883,0.9993003326545563,1000.0,0.40468016243657584,2.4,298455.63973493973,0.0
SYNTH_K5_n100k,100000,5,3,B,0.1,AdaptiveHybrid,12.0,0.1007394790649414,3.5999999999999996,0.9993003326545563,0.40468016243657584,298454.1482279201,3.8558986053961314e-05
SYNTH_K5_n100k,100000,5,3,B,0.001,Double,0.08082795143127441,0.9992753541554531,1000.0,0.4046751739594182,2.4,298454.3659412451,0.0
SYNTH_K5_n100k,100000,5,3,B,0.001,AdaptiveHybrid,5.0,0.10745978355407715,3.5999999999999996,0.9992753541554531,0.4046751739594182,298454.1470726929,0.015449859685149983
SYNTH_K5_n100k,100000,5,3,B,0.001,Double,0.05197954177856445,0.9992753541554531,1000.0,0.4046751739594182,2.4,298454.1470726929,0.0
SYNTH_K5_n100k,100000,5,3,B,0.001,AdaptiveHybrid,1.0,0.06958341598510742,3.5999999999999996,0.9992753541554531,0.4046751739594182,298454.1470726929,0.015223747526684941
SYNTH_K5_n100k,100000,5,3,B,0.001,Double,0.04679584503173828,0.9993003326545563,1000.0,0.40468016243657584,2.4,298454.8494463348,0.0
SYNTH_K5_n100k,100000,5,3,B,0.001,AdaptiveHybrid,10.0,0.08757519721984863,3.5999999999999996,0.9992753541554531,0.4046751739594182,298455.01866896753,0.011983077858720059
SYNTH_K5_n100k,100000,5,3,A,50.0,Double,300.0,0.026680946350097656,0.9992753541554531,0.4046751739594182,2.4,298455.0481351833,0.0
SYNTH_K5_n100k,100000,5,3,A,50.0,AdaptiveHybrid,6.0,0.07330870628356934,3.5999999999999996,0.9993003326545563,0.40468016243657584,298454.1482279201,0.01020506437602602
SYNTH_K5_n100k,100000,5,3,A,50.0,Double,300.0,0.04456734657287598,0.9992753541554531,0.4046751739594182,2.4,298466.19795282575,0.0
SYNTH_K5_n100k,100000,5,3,A,50.0,AdaptiveHybrid,11.0,0.11431741714477539,3.5999999999999996,0.9993003326545563,0.40468016243657584,298454.14822791977,0.007230575141141464
SYNTH_K5_n100k,100000,5,3,A,50.0,Double,300.0,0.03487563133239746,0.9993003326545563,0.40468016243657584,2.4,298459.1542192238,0.0
SYNTH_K5_n100k,100000,5,3,A,50.0,AdaptiveHybrid,7.0,0.10877394676208496,3.5999999999999996,0.9992753541554531,0.4046751739594182,298455.38150341634,0.012836740145221483
SYNTH_K5_n100k,100000,5,3,B,0.1,Double,0.04233837127685547,0.9992753541554531,1000.0,0.4046751739594182,2.4,298454.1470726929,0.0
SYNTH_K5_n100k,100000,5,3,B,0.1,AdaptiveHybrid,1.0,0.07727408409118652,3.5999999999999996,0.9992753541554531,0.4046751739594182,298454.1470726929,0.015724581026801566
SYNTH_K5_n100k,100000,5,3,B,0.1,Double,0.05996084213256836,0.9992753541554531,1000.0,0.4046751739594182,2.4,298454.45830490475,0.0
SYNTH_K5_n100k,100000,5,3,B,0.1,AdaptiveHybrid,1.0,0.0822150707244873,3.5999999999999996,0.9993003326545563,0.40468016243657584,298454.1482279201,3.8558986053961314e-05
SYNTH_K5_n100k,100000,5,3,B,0.1,Double,0.05057024955749512,0.9992753541554531,1000.0,0.4046751739594182,2.4,298454.1470726929,0.0
SYNTH_K5_n100k,100000,5,3,B,0.1,AdaptiveHybrid,3.0,0.08521485328674316,3.5999999999999996,0.9993003326545563,0.40468016243657584,298457.3759042022,0.012717025274992598
SYNTH_K5_n100k,100000,5,3,B,0.001,Double,0.04772019386291504,0.9993003326545563,1000.0,0.40468016243657584,2.4,298454.1482279201,0.0
SYNTH_K5_n100k,100000,5,3,B,0.001,AdaptiveHybrid,7.0,0.06976699829101562,3.5999999999999996,0.9993003326545563,0.40468016243657584,298460.28457226936,0.021268337657585294
SYNTH_K5_n100k,100000,5,3,B,0.001,Double,0.041817665100097656,0.9992753541554531,1000.0,0.4046751739594182,2.4,298454.1470726929,0.0
SYNTH_K5_n100k,100000,5,3,B,0.001,AdaptiveHybrid,6.0,0.08836245536804199,3.5999999999999996,0.9992753541554531,0.4046751739594182,298454.1470726929,0.00963011671262372
SYNTH_K5_n100k,100000,5,3,B,0.001,Double,0.05383706092834473,0.9992753541554531,1000.0,0.4046751739594182,2.4,298458.5045889597,0.0
SYNTH_K5_n100k,100000,5,3,B,0.001,AdaptiveHybrid,11.0,0.1141669750213623,3.5999999999999996,0.9992753541554531,0.4046751739594182,298455.0375628631,0.006666413033945366
SYNTH_K5_n100k,100000,5,30,A,0.0,Double,300.0,0.09105181694030762,1.0,0.27238219220133375,24.0,2997698.581625754,0.0
SYNTH_K5_n100k,100000,5,30,A,0.0,AdaptiveHybrid,10.0,0.21122264862060547,36.0,1.0,0.27238219220133375,2997699.0179311913,0.03510714235517875
SYNTH_K5_n100k,100000,5,30,A,0.0,Double,300.0,0.1025700569152832,1.0,0.27238219220133375,24.0,2997699.736455175,0.0
SYNTH_K5_n100k,100000,5,30,A,0.0,AdaptiveHybrid,15.0,0.2064497470855713,36.0,1.0,0.27238219220133375,2997702.8780111335,0.025570418947435298
SYNTH_K5_n100k,100000,5,30,A,0.0,Double,300.0,0.15624690055847168,1.0,0.27238219220133375,24.0,2997706.7037321655,0.0
SYNTH_K5_n100k,100000,5,30,A,0.0,AdaptiveHybrid,4.0,0.14182662963867188,36.0,1.0,0.27238219220133375,2997730.1620122087,0.06888925919340089
SYNTH_K5_n100k,100000,5,30,B,0.1,Double,0.15386247634887695,1.0,1000.0,0.27238219220133375,24.0,2997724.9771099957,0.0
SYNTH_K5_n100k,100000,5,30,B,0.1,AdaptiveHybrid,9.0,0.24286437034606934,36.0,1.0,0.27238219220133375,2997727.6337884595,0.07867407987472003
SYNTH_K5_n100k,100000,5,30,B,0.1,Double,0.14196157455444336,1.0,1000.0,0.27238219220133375,24.0,2997698.07990771,0.0
SYNTH_K5_n100k,100000,5,30,B,0.1,AdaptiveHybrid,11.0,0.2592282295227051,36.0,1.0,0.27238219220133375,2997703.294929076,0.030770946915326693
SYNTH_K5_n100k,100000,5,30,B,0.1,Double,0.10733628273010254,0.8287340453511519,1000.0,0.6321062681892522,24.0,16115252.90978748,0.0
SYNTH_K5_n100k,100000,5,30,B,0.1,AdaptiveHybrid,5.0,0.22506999969482422,36.0,1.0,0.27238219220133375,2997710.7510487633,0.01762340062539602
SYNTH_K5_n100k,100000,5,30,B,0.001,Double,0.086273193359375,1.0,1000.0,0.27238219220133375,24.0,2997703.976053339,0.0
SYNTH_K5_n100k,100000,5,30,B,0.001,AdaptiveHybrid,13.0,0.3199903964996338,36.0,0.976561256430455,0.31068519259714666,4794682.658624149,0.045041166862555014
SYNTH_K5_n100k,100000,5,30,B,0.001,Double,0.1255795955657959,1.0,1000.0,0.27238219220133375,24.0,2997726.323670777,0.0
SYNTH_K5_n100k,100000,5,30,B,0.001,AdaptiveHybrid,20.0,0.34557414054870605,36.0,1.0,0.27238219220133375,2997713.5849306956,0.02980706656930236
SYNTH_K5_n100k,100000,5,30,B,0.001,Double,0.17278695106506348,1.0,1000.0,0.27238219220133375,24.0,2997716.4533705493,0.0
SYNTH_K5_n100k,100000,5,30,B,0.001,AdaptiveHybrid,8.0,0.21852469444274902,36.0,1.0,0.27238219220133375,2997698.07990771,0.044948363347365065
SYNTH_K5_n100k,100000,5,30,A,50.0,Double,300.0,0.13670778274536133,1.0,0.27238219220133375,24.0,2997700.72966654,0.0
SYNTH_K5_n100k,100000,5,30,A,50.0,AdaptiveHybrid,11.0,0.1866743564605713,36.0,1.0,0.27238219220133375,2997705.6950316853,0.04396259145565246
SYNTH_K5_n100k,100000,5,30,A,50.0,Double,300.0,0.09906673431396484,1.0,0.27238219220133375,24.0,2997724.683433018,0.0
SYNTH_K5_n100k,100000,5,30,A,50.0,AdaptiveHybrid,13.0,0.25621795654296875,36.0,1.0,0.27238219220133375,2997698.07990771,7.489069427904679e-05
SYNTH_K5_n100k,100000,5,30,A,50.0,Double,300.0,0.16280555725097656,1.0,0.27238219220133375,24.0,2997698.07990771,0.0
SYNTH_K5_n100k,100000,5,30,A,50.0,AdaptiveHybrid,6.0,0.22797346115112305,36.0,1.0,0.27238219220133375,2997700.3287815168,0.010593916185902854
SYNTH_K5_n100k,100000,5,30,B,0.1,Double,0.12759780883789062,1.0,1000.0,0.27238219220133375,24.0,2997698.07990771,0.0
SYNTH_K5_n100k,100000,5,30,B,0.1,AdaptiveHybrid,3.0,0.22091412544250488,36.0,1.0,0.27238219220133375,2997698.07990771,0.015342259227729542
SYNTH_K5_n100k,100000,5,30,B,0.1,Double,0.12637758255004883,1.0,1000.0,0.27238219220133375,24.0,2997698.07990771,0.0
SYNTH_K5_n100k,100000,5,30,B,0.1,AdaptiveHybrid,13.0,0.24946856498718262,36.0,1.0,0.27238219220133375,2997698.07990771,0.03260935166453202
SYNTH_K5_n100k,100000,5,30,B,0.1,Double,0.13947463035583496,1.0,1000.0,0.27238219220133375,24.0,2997717.813540203,0.0
SYNTH_K5_n100k,100000,5,30,B,0.1,AdaptiveHybrid,3.0,0.1921398639678955,36.0,1.0,0.27238219220133375,2997698.07990771,0.05302312398745525
SYNTH_K5_n100k,100000,5,30,B,0.001,Double,0.12269473075866699,1.0,1000.0,0.27238219220133375,24.0,2997742.050075483,0.0
SYNTH_K5_n100k,100000,5,30,B,0.001,AdaptiveHybrid,1.0,0.1888597011566162,36.0,1.0,0.27238219220133375,2997698.07990771,0.049955080343364905
SYNTH_K5_n100k,100000,5,30,B,0.001,Double,0.12482452392578125,1.0,1000.0,0.27238219220133375,24.0,2997710.1743100523,0.0
SYNTH_K5_n100k,100000,5,30,B,0.001,AdaptiveHybrid,3.0,0.18767523765563965,36.0,1.0,0.27238219220133375,2997698.07990771,0.024777460974995936
SYNTH_K5_n100k,100000,5,30,B,0.001,Double,0.13488364219665527,1.0,1000.0,0.27238219220133375,24.0,2997738.020366638,0.0
SYNTH_K5_n100k,100000,5,30,B,0.001,AdaptiveHybrid,3.0,0.19975495338439941,36.0,1.0,0.27238219220133375,2997755.5675633783,0.07033514421061264
SYNTH_K5_n100k,100000,8,3,A,0.0,Double,300.0,0.33884334564208984,0.8394310590694776,1.0928109151513339,2.4,263607.6903093665,0.0
SYNTH_K5_n100k,100000,8,3,A,0.0,AdaptiveHybrid,275.0,0.6590845584869385,3.5999999999999996,0.8394431605571684,1.0926011065747787,263604.23328175425,1.6761566719820447
SYNTH_K5_n100k,100000,8,3,A,0.0,Double,300.0,0.3997981548309326,0.8393525223881768,1.0927128861660609,2.4,263649.3319328308,0.0
SYNTH_K5_n100k,100000,8,3,A,0.0,AdaptiveHybrid,287.0,0.7308337688446045,3.5999999999999996,0.8395076523971081,1.0896004066415736,263570.35143003415,1.8064620135312017
SYNTH_K5_n100k,100000,8,3,A,0.0,Double,300.0,0.48744726181030273,0.8394053970312972,1.0931288407770623,2.4,263608.03557588096,0.0
SYNTH_K5_n100k,100000,8,3,A,0.0,AdaptiveHybrid,133.0,0.516028642654419,3.5999999999999996,0.839434927659022,1.0922699198204913,263605.56998435967,1.6659858430154315
SYNTH_K5_n100k,100000,8,3,B,0.1,Double,0.7785391807556152,0.8394423124732997,1000.0,1.092632220338081,2.4,263604.2584176652,0.0
SYNTH_K5_n100k,100000,8,3,B,0.1,AdaptiveHybrid,193.0,0.663668155670166,3.5999999999999996,0.8394493862801224,1.0928293800753686,263606.00031029835,1.71521116975641
SYNTH_K5_n100k,100000,8,3,B,0.1,Double,0.7118067741394043,0.839444044825159,1000.0,1.0926292498000407,2.4,263604.19308054657,0.0
SYNTH_K5_n100k,100000,8,3,B,0.1,AdaptiveHybrid,254.0,0.6504178047180176,3.5999999999999996,0.8394409993785872,1.092300671888021,263604.7366470646,1.6638040897013815
SYNTH_K5_n100k,100000,8,3,B,0.1,Double,0.6065585613250732,0.8394388990922567,1000.0,1.092249725977301,2.4,263604.8122994613,0.0
SYNTH_K5_n100k,100000,8,3,B,0.1,AdaptiveHybrid,179.0,0.5132761001586914,3.5999999999999996,0.8394403618637214,1.0923202851216662,263605.36006992275,1.6668826273602204
SYNTH_K5_n100k,100000,8,3,B,0.001,Double,0.813439130783081,0.8394583349841361,1000.0,1.0928627917590101,2.4,263602.0369400084,0.0
SYNTH_K5_n100k,100000,8,3,B,0.001,AdaptiveHybrid,345.0,0.7893483638763428,3.5999999999999996,0.8394490736794875,1.0925926148148353,263604.6658510532,1.253636363912095
SYNTH_K5_n100k,100000,8,3,B,0.001,Double,0.4801304340362549,0.8394288104547961,1000.0,1.092452603207219,2.4,263605.22961535596,0.0
SYNTH_K5_n100k,100000,8,3,B,0.001,AdaptiveHybrid,181.0,0.5065898895263672,3.5999999999999996,0.8394432374877775,1.092313773234655,263604.769098915,1.3671960228781013
SYNTH_K5_n100k,100000,8,3,B,0.001,Double,0.48735952377319336,0.8394319788769637,1000.0,1.0922487773433451,2.4,263604.87642247655,0.0
SYNTH_K5_n100k,100000,8,3,B,0.001,AdaptiveHybrid,299.0,0.7390575408935547,3.5999999999999996,0.8394368068207576,1.0921795296948544,263606.2253332519,1.319762649215404
SYNTH_K5_n100k,100000,8,3,A,50.0,Double,300.0,0.3856983184814453,0.8394263868242721,1.0928296644869433,2.4,263606.6497121272,0.0
SYNTH_K5_n100k,100000,8,3,A,50.0,AdaptiveHybrid,300.0,0.6911816596984863,3.5999999999999996,0.8394381185649341,1.092349974181532,263604.8916153902,0.7501416137215541
SYNTH_K5_n100k,100000,8,3,A,50.0,Double,300.0,0.4273221492767334,0.8394047059020093,1.092919345571044,2.4,263616.111420553,0.0
SYNTH_K5_n100k,100000,8,3,A,50.0,AdaptiveHybrid,224.0,0.570145845413208,3.5999999999999996,0.8394495079373079,1.0928100441692417,263603.97785526986,0.784906151275016
SYNTH_K5_n100k,100000,8,3,A,50.0,Double,300.0,0.39044785499572754,0.839436419452652,1.092122017760515,2.4,263605.70551171614,0.0
SYNTH_K5_n100k,100000,8,3,A,50.0,AdaptiveHybrid,300.0,0.6931662559509277,3.5999999999999996,0.8394409836068666,1.092286354768025,263604.75049201265,0.6670230764299255
SYNTH_K5_n100k,100000,8,3,B,0.1,Double,0.6797232627868652,0.8394405845119238,1000.0,1.0923081010644573,2.4,263604.736508365,0.0
SYNTH_K5_n100k,100000,8,3,B,0.1,AdaptiveHybrid,143.0,0.4326155185699463,3.5999999999999996,0.8394295653916028,1.09253070522625,263605.2265936375,1.6645415469861922
SYNTH_K5_n100k,100000,8,3,B,0.1,Double,0.7863874435424805,0.8395132036633113,1000.0,1.0900405810450116,2.4,263569.91652132536,0.0
SYNTH_K5_n100k,100000,8,3,B,0.1,AdaptiveHybrid,178.0,0.49786996841430664,3.5999999999999996,0.8394196407065458,1.092319529214961,263604.8101300105,1.6647049119382986
SYNTH_K5_n100k,100000,8,3,B,0.1,Double,0.46752405166625977,0.839429444979398,1000.0,1.0924517431866814,2.4,263605.4941408761,0.0
SYNTH_K5_n100k,100000,8,3,B,0.1,AdaptiveHybrid,235.0,0.5817012786865234,3.5999999999999996,0.8394438473241244,1.0926801910591182,263604.16276632296,1.6843831080303087
SYNTH_K5_n100k,100000,8,3,B,0.001,Double,0.8435916900634766,0.8395075214598915,1000.0,1.089627927384345,2.4,263570.3973885325,0.0
SYNTH_K5_n100k,100000,8,3,B,0.001,AdaptiveHybrid,184.0,0.5046641826629639,3.5999999999999996,0.839428439795603,1.0922288612150028,263605.13416120736,1.3163830514078272
SYNTH_K5_n100k,100000,8,3,B,0.001,Double,0.5358023643493652,0.8394395366173325,1000.0,1.0922805392973864,2.4,263604.8687351757,0.0
SYNTH_K5_n100k,100000,8,3,B,0.001,AdaptiveHybrid,326.0,0.7501649856567383,3.5999999999999996,0.8394481083697246,1.092595436810317,263604.63631338463,1.2467079733619786
SYNTH_K5_n100k,100000,8,3,B,0.001,Double,0.574366569519043,0.8394412532351606,1000.0,1.0923004741689635,2.4,263604.77326379926,0.0
SYNTH_K5_n100k,100000,8,3,B,0.001,AdaptiveHybrid,355.0,0.8383495807647705,3.5999999999999996,0.8394479245685976,1.0923844841886035,263604.9711416705,1.4178489759821982
SYNTH_K5_n100k,100000,8,30,A,0.0,Double,300.0,0.5752768516540527,0.8402072282493239,3.887081255618796,24.0,2961009.67575299,0.0
SYNTH_K5_n100k,100000,8,30,A,0.0,AdaptiveHybrid,300.0,1.5325446128845215,36.0,0.8401972801859285,3.8728647732457384,2960839.3959755525,2.396021840833527
SYNTH_K5_n100k,100000,8,30,A,0.0,Double,300.0,0.6774601936340332,0.8402319481884426,3.8742082034665106,24.0,2960893.350896642,0.0
SYNTH_K5_n100k,100000,8,30,A,0.0,AdaptiveHybrid,300.0,1.5287714004516602,36.0,0.8401916504332815,3.8780967215133373,2960855.340323047,2.336528244588225
SYNTH_K5_n100k,100000,8,30,A,0.0,Double,300.0,0.6914806365966797,0.8402013516014173,3.8748055554363727,24.0,2960863.214530614,0.0
SYNTH_K5_n100k,100000,8,30,A,0.0,AdaptiveHybrid,300.0,1.3710367679595947,36.0,0.8401884001736174,3.876103168901435,2960840.2245977963,2.3485211626545395
SYNTH_K5_n100k,100000,8,30,B,0.1,Double,1.497706413269043,0.840194624448271,1000.0,3.874247438588654,24.0,2960814.6078995997,0.0
SYNTH_K5_n100k,100000,8,30,B,0.1,AdaptiveHybrid,360.0,1.8171932697296143,36.0,0.8401773814820821,3.8705396772565,2960871.5903868,2.3903820075057793
SYNTH_K5_n100k,100000,8,30,B,0.1,Double,3.0969183444976807,0.8401944615607748,1000.0,3.875401072252477,24.0,2960878.4589826846,0.0
SYNTH_K5_n100k,100000,8,30,B,0.1,AdaptiveHybrid,527.0,2.2663638591766357,36.0,0.8401860131395218,3.8769089661657095,2960833.3355200146,2.374949512494417
SYNTH_K5_n100k,100000,8,30,B,0.1,Double,2.2332470417022705,0.8401926570356028,1000.0,3.8750821474081505,24.0,2960867.9511584,0.0
SYNTH_K5_n100k,100000,8,30,B,0.1,AdaptiveHybrid,947.0,4.35676383972168,36.0,0.8402117507428788,3.8732108276204253,2960822.3400764177,2.39460142963962
SYNTH_K5_n100k,100000,8,30,B,0.001,Double,3.9409232139587402,0.8401969018676384,1000.0,3.87896126007629,24.0,2960873.867251433,0.0
SYNTH_K5_n100k,100000,8,30,B,0.001,AdaptiveHybrid,1000.0,4.378713846206665,36.0,0.8401826645255155,3.876184642556213,2960843.9254418747,2.0215181897278707
SYNTH_K5_n100k,100000,8,30,B,0.001,Double,2.4118359088897705,0.8401896289682961,1000.0,3.870991817391065,24.0,2960784.855072248,0.0
SYNTH_K5_n100k,100000,8,30,B,0.001,AdaptiveHybrid,425.0,2.053246021270752,36.0,0.8401921203312965,3.876736627696048,2960834.16346479,1.7998091741708035
SYNTH_K5_n100k,100000,8,30,B,0.001,Double,2.495537281036377,0.8401835667984199,1000.0,3.8772867717476833,24.0,2960897.7049986003,0.0
SYNTH_K5_n100k,100000,8,30,B,0.001,AdaptiveHybrid,456.0,2.1368420124053955,36.0,0.840191199300934,3.8722201944722654,2960806.8408715185,1.8639826337443943
SYNTH_K5_n100k,100000,8,30,A,50.0,Double,300.0,0.7065298557281494,0.8402048465188184,3.8786041290049287,24.0,2960878.6997387772,0.0
SYNTH_K5_n100k,100000,8,30,A,50.0,AdaptiveHybrid,300.0,1.4081432819366455,36.0,0.8401902114629358,3.876816619287286,2960873.0735860183,0.7354577877632948
SYNTH_K5_n100k,100000,8,30,A,50.0,Double,300.0,0.682664155960083,0.8401881141802388,3.8817554089449784,24.0,2960858.213268636,0.0
SYNTH_K5_n100k,100000,8,30,A,50.0,AdaptiveHybrid,300.0,1.4307670593261719,36.0,0.8402015144876844,3.8739672977056774,2960845.76139023,0.9644367507289306
SYNTH_K5_n100k,100000,8,30,A,50.0,Double,300.0,0.7065920829772949,0.8401764822056603,3.876731070743209,24.0,2960918.460808112,0.0
SYNTH_K5_n100k,100000,8,30,A,50.0,AdaptiveHybrid,300.0,1.3040289878845215,36.0,0.840193080393742,3.875329197056678,2960892.785513882,0.9451262699477364
SYNTH_K5_n100k,100000,8,30,B,0.1,Double,3.6410508155822754,0.8401830811324998,1000.0,3.8736391352612647,24.0,2960801.898567706,0.0
SYNTH_K5_n100k,100000,8,30,B,0.1,AdaptiveHybrid,847.0,3.684849262237549,36.0,0.8401790629314465,3.8737298927708856,2960927.931542328,2.3487130508508067
SYNTH_K5_n100k,100000,8,30,B,0.1,Double,2.649069309234619,0.8401919139064795,1000.0,3.881163699852648,24.0,2960876.895648542,0.0
SYNTH_K5_n100k,100000,8,30,B,0.1,AdaptiveHybrid,791.0,3.4962539672851562,36.0,0.8402070473491159,3.8736289824057373,2960836.546612797,2.361524844293902
SYNTH_K5_n100k,100000,8,30,B,0.1,Double,3.3798458576202393,0.8402170913848499,1000.0,3.8721091547401887,24.0,2960779.5049914997,0.0
SYNTH_K5_n100k,100000,8,30,B,0.1,AdaptiveHybrid,1000.0,4.253504991531372,36.0,0.8402061135731982,3.874867992888964,2960863.7685467904,2.349323990336008
SYNTH_K5_n100k,100000,8,30,B,0.001,Double,2.482125997543335,0.8401898631672164,1000.0,3.8754464068505663,24.0,2960838.196061616,0.0
SYNTH_K5_n100k,100000,8,30,B,0.001,AdaptiveHybrid,1000.0,4.100962162017822,36.0,0.8401856896133514,3.8725041480130744,2960790.814254685,1.9621028921515724
SYNTH_K5_n100k,100000,8,30,B,0.001,Double,1.3650286197662354,0.8402017974743559,1000.0,3.8747554838598273,24.0,2960835.1128531815,0.0
SYNTH_K5_n100k,100000,8,30,B,0.001,AdaptiveHybrid,786.0,3.4813385009765625,36.0,0.8401989615986551,3.87517539835141,2960837.6604289166,1.9172785331023672
SYNTH_K5_n100k,100000,8,30,B,0.001,Double,2.9293859004974365,0.8401921413490935,1000.0,3.8721339390643004,24.0,2960857.5509527177,0.0
SYNTH_K5_n100k,100000,8,30,B,0.001,AdaptiveHybrid,988.0,4.213619947433472,36.0,0.8402074812093059,3.874083084804574,2960832.8015860333,1.8964900585895403
SYNTH_K30_n100k,100000,5,3,A,0.0,Double,300.0,0.47185182571411133,0.20208004590734288,1.0200023984844688,2.4,2726584.3351577306,0.0
SYNTH_K30_n100k,100000,5,3,A,0.0,AdaptiveHybrid,118.0,0.3586864471435547,3.5999999999999996,0.20207038921591486,1.0199974962001284,2726584.213788481,1.4004526493925111
SYNTH_K30_n100k,100000,5,3,A,0.0,Double,300.0,0.46486997604370117,0.20211535777850662,1.019980151343598,2.4,2726586.1734733838,0.0
SYNTH_K30_n100k,100000,5,3,A,0.0,AdaptiveHybrid,162.0,0.6327424049377441,3.5999999999999996,0.20207290312944437,1.0199920155146933,2726585.596218834,1.421965475659096
SYNTH_K30_n100k,100000,5,3,A,0.0,Double,300.0,0.18238067626953125,0.2020898647271451,1.0199947841924573,2.4,2726583.8851991426,0.0
SYNTH_K30_n100k,100000,5,3,A,0.0,AdaptiveHybrid,50.0,0.2564811706542969,3.5999999999999996,0.2020898647271451,1.0199947841924573,2726583.8851991426,1.419870461002868
SYNTH_K30_n100k,100000,5,3,B,0.1,Double,0.4124734401702881,0.20207290312944437,1000.0,1.0199920155146933,2.4,2726584.204641484,0.0
SYNTH_K30_n100k,100000,5,3,B,0.1,AdaptiveHybrid,114.0,0.4426565170288086,3.5999999999999996,0.20207290312944437,1.0199920155146933,2726584.350511894,0.48493544279176226
SYNTH_K30_n100k,100000,5,3,B,0.1,Double,0.5567207336425781,0.2020801954499195,1000.0,1.0199963969495187,2.4,2726588.4779253,0.0
SYNTH_K30_n100k,100000,5,3,B,0.1,AdaptiveHybrid,118.0,0.4173452854156494,3.5999999999999996,0.20207290312944437,1.0199920155146933,2726584.5790219605,0.4901202119660048
SYNTH_K30_n100k,100000,5,3,B,0.1,Double,0.49805784225463867,0.20209222913533811,1000.0,1.019995307311063,2.4,2726583.954138435,0.0
SYNTH_K30_n100k,100000,5,3,B,0.1,AdaptiveHybrid,95.0,0.43527936935424805,3.5999999999999996,0.20207038921591486,1.0199974962001284,2726584.258170597,0.4749695757420051
SYNTH_K30_n100k,100000,5,3,B,0.001,Double,0.36941981315612793,0.20208800882198039,1000.0,1.0200007520447942,2.4,2726585.214406124,0.0
SYNTH_K30_n100k,100000,5,3,B,0.001,AdaptiveHybrid,116.0,0.3698437213897705,3.5999999999999996,0.20208800882198039,1.0200007520447942,2726583.9048437453,0.029399172659486838
SYNTH_K30_n100k,100000,5,3,B,0.001,Double,0.3479480743408203,0.2020898647271451,1000.0,1.0199947841924573,2.4,2726584.1634072214,0.0
SYNTH_K30_n100k,100000,5,3,B,0.001,AdaptiveHybrid,47.0,0.24572396278381348,3.5999999999999996,0.2020898647271451,1.0199947841924573,2726583.8851991426,0.009480073577846295
SYNTH_K30_n100k,100000,5,3,B,0.001,Double,0.20517468452453613,0.2020898647271451,1000.0,1.0199947841924573,2.4,2726583.8851991426,0.0
SYNTH_K30_n100k,100000,5,3,B,0.001,AdaptiveHybrid,22.0,0.14585256576538086,3.5999999999999996,0.2020898647271451,1.0199947841924573,2726583.8851991426,0.04031970183715414
SYNTH_K30_n100k,100000,5,3,A,50.0,Double,300.0,0.30269956588745117,0.2020898647271451,1.0199947841924573,2.4,2726583.8851991426,0.0
SYNTH_K30_n100k,100000,5,3,A,50.0,AdaptiveHybrid,121.0,0.39530158042907715,3.5999999999999996,0.20207038921591486,1.0199974962001284,2726583.9351885114,0.05465050646121559
SYNTH_K30_n100k,100000,5,3,A,50.0,Double,300.0,0.36499857902526855,0.20210370391815838,1.019993818794695,2.4,2726585.079016461,0.0
SYNTH_K30_n100k,100000,5,3,A,50.0,AdaptiveHybrid,97.0,0.39125871658325195,3.5999999999999996,0.20207038921591486,1.0199974962001284,2726585.9759276058,0.04519409871813591
SYNTH_K30_n100k,100000,5,3,A,50.0,Double,300.0,0.37067127227783203,0.20206500429318766,1.0200179352073249,2.4,2726585.876686107,0.0
SYNTH_K30_n100k,100000,5,3,A,50.0,AdaptiveHybrid,95.0,0.4104130268096924,3.5999999999999996,0.20207038921591486,1.0199974962001284,2726583.9351885114,0.0034744088366569417
SYNTH_K30_n100k,100000,5,3,B,0.1,Double,0.18553376197814941,0.2020898647271451,1000.0,1.0199947841924573,2.4,2726607.054921045,0.0
SYNTH_K30_n100k,100000,5,3,B,0.1,AdaptiveHybrid,48.0,0.23645710945129395,3.5999999999999996,0.2020898647271451,1.0199947841924573,2726583.8851991426,0.4562522960472084
SYNTH_K30_n100k,100000,5,3,B,0.1,Double,0.6490552425384521,0.2020898647271451,1000.0,1.0199947841924573,2.4,2726592.881072243,0.0
SYNTH_K30_n100k,100000,5,3,B,0.1,AdaptiveHybrid,108.0,0.4275531768798828,3.5999999999999996,0.20207053806031572,1.0199914927064144,2726588.5654352685,0.47652697912330655
SYNTH_K30_n100k,100000,5,3,B,0.1,Double,0.17334961891174316,0.2020898647271451,1000.0,1.0199947841924573,2.4,2726583.8851991426,0.0
SYNTH_K30_n100k,100000,5,3,B,0.1,AdaptiveHybrid,79.0,0.3526921272277832,3.5999999999999996,0.2020898647271451,1.0199947841924573,2726583.8851991426,0.49024842311251593
SYNTH_K30_n100k,100000,5,3,B,0.001,Double,0.9711155891418457,0.20207038921591486,1000.0,1.0199974962001284,2.4,2726586.1266373964,0.0
SYNTH_K30_n100k,100000,5,3,B,0.001,AdaptiveHybrid,92.0,0.5000007152557373,3.5999999999999996,0.20207053806031572,1.0199914927064144,2726584.637183852,0.01924478987498994
SYNTH_K30_n100k,100000,5,3,B,0.001,Double,0.9123461246490479,0.20208664563163212,1000.0,1.0199986974425161,2.4,2726584.1294389125,0.0
SYNTH_K30_n100k,100000,5,3,B,0.001,AdaptiveHybrid,122.0,0.4023244380950928,3.5999999999999996,0.20207038921591486,1.0199974962001284,2726584.258170597,0.00450720004368792
SYNTH_K30_n100k,100000,5,3,B,0.001,Double,0.45113396644592285,0.2020801954499195,1000.0,1.0199963969495187,2.4,2726584.9008515705,0.0
SYNTH_K30_n100k,100000,5,3,B,0.001,AdaptiveHybrid,105.0,0.4328277111053467,3.5999999999999996,0.20207290312944437,1.0199920155146933,2726584.5622521383,0.04457248385132557
SYNTH_K30_n100k,100000,5,30,A,0.0,Double,300.0,0.12936091423034668,0.20805019200253427,2.4427173970969207,24.0,73016943.8528664,0.0
SYNTH_K30_n100k,100000,5,30,A,0.0,AdaptiveHybrid,4.0,0.21621966361999512,36.0,0.20805019200253427,2.4427173970969207,73017115.84187445,0.17374253866425088
SYNTH_K30_n100k,100000,5,30,A,0.0,Double,300.0,0.1545107364654541,0.20804695536530643,2.442711162543071,24.0,73016884.35264915,0.0
SYNTH_K30_n100k,100000,5,30,A,0.0,AdaptiveHybrid,5.0,0.2161881923675537,36.0,0.2080534314084144,2.442722514122315,73016932.29665305,0.246253227949132
SYNTH_K30_n100k,100000,5,30,A,0.0,Double,300.0,0.11864042282104492,0.20805019200253427,2.4427173970969207,24.0,73017751.36981344,0.0
SYNTH_K30_n100k,100000,5,30,A,0.0,AdaptiveHybrid,5.0,0.21802830696105957,36.0,0.20805019200253427,2.4427173970969207,73017580.51323622,0.23228386178734126
SYNTH_K30_n100k,100000,5,30,B,0.1,Double,0.12425994873046875,0.20805019200253427,1000.0,2.4427173970969207,24.0,73016783.59025808,0.0
SYNTH_K30_n100k,100000,5,30,B,0.1,AdaptiveHybrid,11.0,0.2370469570159912,36.0,0.2080534314084144,2.442722514122315,73017089.67803779,0.37022455496362455
SYNTH_K30_n100k,100000,5,30,B,0.1,Double,0.11999011039733887,0.20805019200253427,1000.0,2.4427173970969207,24.0,73016929.92556684,0.0
SYNTH_K30_n100k,100000,5,30,B,0.1,AdaptiveHybrid,11.0,0.24148845672607422,36.0,0.20805019200253427,2.4427173970969207,73016956.9152951,0.28184545927851723
SYNTH_K30_n100k,100000,5,30,B,0.1,Double,0.1470623016357422,0.20805019200253427,1000.0,2.4427173970969207,24.0,73016894.62642258,0.0
SYNTH_K30_n100k,100000,5,30,B,0.1,AdaptiveHybrid,11.0,0.25894761085510254,36.0,0.20805019200253427,2.4427173970969207,73017865.10803702,0.27748275715380594
SYNTH_K30_n100k,100000,5,30,B,0.001,Double,0.22749853134155273,0.20805019200253427,1000.0,2.4427173970969207,24.0,73017271.70794965,0.0
SYNTH_K30_n100k,100000,5,30,B,0.001,AdaptiveHybrid,31.0,0.3641796112060547,36.0,0.20805019200253427,2.4427173970969207,73016872.76981421,0.2686191678353892
SYNTH_K30_n100k,100000,5,30,B,0.001,Double,0.2419893741607666,0.20804904315299813,1000.0,2.4427006734556334,24.0,73017273.31554475,0.0
SYNTH_K30_n100k,100000,5,30,B,0.001,AdaptiveHybrid,16.0,0.29038333892822266,36.0,0.20805019200253427,2.4427173970969207,73017115.60705258,0.13023078648702133
SYNTH_K30_n100k,100000,5,30,B,0.001,Double,0.2159714698791504,0.20805019200253427,1000.0,2.4427173970969207,24.0,73016845.83829445,0.0
SYNTH_K30_n100k,100000,5,30,B,0.001,AdaptiveHybrid,26.0,0.30943965911865234,36.0,0.20805019200253427,2.4427173970969207,73016787.99172743,0.2532496523896337
SYNTH_K30_n100k,100000,5,30,A,50.0,Double,300.0,0.13919687271118164,0.2080534314084144,2.442722514122315,24.0,73017096.19282024,0.0
SYNTH_K30_n100k,100000,5,30,A,50.0,AdaptiveHybrid,25.0,0.3297557830810547,36.0,0.20805019200253427,2.4427173970969207,73016907.982527,0.21829594945728112
SYNTH_K30_n100k,100000,5,30,A,50.0,Double,300.0,0.20604252815246582,0.20805019200253427,2.4427173970969207,24.0,73016803.79606652,0.0
SYNTH_K30_n100k,100000,5,30,A,50.0,AdaptiveHybrid,22.0,0.30860328674316406,36.0,0.20805019200253427,2.4427173970969207,73017312.62162189,0.23123763913390125
SYNTH_K30_n100k,100000,5,30,A,50.0,Double,300.0,0.18707561492919922,0.20805019200253427,2.4427173970969207,24.0,73016783.59025808,0.0
SYNTH_K30_n100k,100000,5,30,A,50.0,AdaptiveHybrid,21.0,0.3160977363586426,36.0,0.20805019200253427,2.4427173970969207,73017006.5830339,0.11965614058899511
SYNTH_K30_n100k,100000,5,30,B,0.1,Double,0.15036463737487793,0.20805019200253427,1000.0,2.4427173970969207,24.0,73016783.59025808,0.0
SYNTH_K30_n100k,100000,5,30,B,0.1,AdaptiveHybrid,12.0,0.21002483367919922,36.0,0.20806966996489332,2.4427572786512504,73017270.9408135,0.07097859369113382
SYNTH_K30_n100k,100000,5,30,B,0.1,Double,0.1841418743133545,0.20805019200253427,1000.0,2.4427173970969207,24.0,73016864.1981887,0.0
SYNTH_K30_n100k,100000,5,30,B,0.1,AdaptiveHybrid,36.0,0.393099308013916,36.0,0.20805019200253427,2.4427173970969207,73017125.09410538,0.16363802355962828
SYNTH_K30_n100k,100000,5,30,B,0.1,Double,0.174363374710083,0.20805019200253427,1000.0,2.4427173970969207,24.0,73016873.41193528,0.0
SYNTH_K30_n100k,100000,5,30,B,0.1,AdaptiveHybrid,18.0,0.2872202396392822,36.0,0.20805019200253427,2.4427173970969207,73016783.59025808,0.25023263755549213
SYNTH_K30_n100k,100000,5,30,B,0.001,Double,0.24199557304382324,0.20805019200253427,1000.0,2.4427173970969207,24.0,73016783.59025808,0.0
SYNTH_K30_n100k,100000,5,30,B,0.001,AdaptiveHybrid,19.0,0.2992067337036133,36.0,0.2080534314084144,2.442722514122315,73017599.90054347,0.22637258935594826
SYNTH_K30_n100k,100000,5,30,B,0.001,Double,0.24320507049560547,0.20805019200253427,1000.0,2.4427173970969207,24.0,73017729.76973781,0.0
SYNTH_K30_n100k,100000,5,30,B,0.001,AdaptiveHybrid,30.0,0.357891321182251,36.0,0.20805019200253427,2.4427173970969207,73016885.84660497,0.1054268842895967
SYNTH_K30_n100k,100000,5,30,B,0.001,Double,0.30579304695129395,0.20804904315299813,1000.0,2.4427006734556334,24.0,73017396.44524784,0.0
SYNTH_K30_n100k,100000,5,30,B,0.001,AdaptiveHybrid,19.0,0.2572166919708252,36.0,0.2080534314084144,2.442722514122315,73017336.17713596,0.24165722321079172
SYNTH_K30_n100k,100000,8,3,A,0.0,Double,300.0,0.2986013889312744,0.31632336561154384,0.9354686076382599,2.4,1666217.317353345,0.0
SYNTH_K30_n100k,100000,8,3,A,0.0,AdaptiveHybrid,91.0,0.35341906547546387,3.5999999999999996,0.3163211090726334,0.9354689885683676,1666219.3835485755,2.875337503278108
SYNTH_K30_n100k,100000,8,3,A,0.0,Double,300.0,0.2916083335876465,0.31624281347073663,0.93545387521626,2.4,1666226.3161538066,0.0
SYNTH_K30_n100k,100000,8,3,A,0.0,AdaptiveHybrid,96.0,0.3706514835357666,3.5999999999999996,0.3163211090726334,0.9354689885683676,1666219.769228937,2.863775147496838
SYNTH_K30_n100k,100000,8,3,A,0.0,Double,300.0,0.36153340339660645,0.31632789022842933,0.9354717652770321,2.4,1666218.1120927336,0.0
SYNTH_K30_n100k,100000,8,3,A,0.0,AdaptiveHybrid,80.0,0.32944655418395996,3.5999999999999996,0.3163211090726334,0.9354689885683676,1666217.761583375,2.8616725824914386
SYNTH_K30_n100k,100000,8,3,B,0.1,Double,0.36140871047973633,0.316321850777806,1000.0,0.9354699852741073,2.4,1666218.0860583344,0.0
SYNTH_K30_n100k,100000,8,3,B,0.1,AdaptiveHybrid,138.0,0.47756147384643555,3.5999999999999996,0.3163195907997923,0.9354679222436748,1666218.9341619003,2.8735088457145985
SYNTH_K30_n100k,100000,8,3,B,0.1,Double,0.5559628009796143,0.3163195907997923,1000.0,0.9354679222436748,2.4,1666219.72607146,0.0
SYNTH_K30_n100k,100000,8,3,B,0.1,AdaptiveHybrid,142.0,0.4520268440246582,3.5999999999999996,0.31632714435571313,0.935469902709493,1666217.5758975407,2.880043317488976
SYNTH_K30_n100k,100000,8,3,B,0.1,Double,0.3695695400238037,0.31632336561154384,1000.0,0.9354686076382599,2.4,1666217.7255112142,0.0
SYNTH_K30_n100k,100000,8,3,B,0.1,AdaptiveHybrid,118.0,0.39691877365112305,3.5999999999999996,0.3163256052457521,0.9354798267101906,1666220.9682445854,2.884396331674371
SYNTH_K30_n100k,100000,8,3,B,0.001,Double,0.3599715232849121,0.3163195907997923,1000.0,0.9354679222436748,2.4,1666218.9341619003,0.0
SYNTH_K30_n100k,100000,8,3,B,0.001,AdaptiveHybrid,226.0,0.6007497310638428,3.5999999999999996,0.316321850777806,0.9354699852741073,1666218.0860583344,0.027866760151444875
SYNTH_K30_n100k,100000,8,3,B,0.001,Double,0.13550949096679688,0.3163256259968501,1000.0,0.9354706708021392,2.4,1666219.3854461312,0.0
SYNTH_K30_n100k,100000,8,3,B,0.001,AdaptiveHybrid,220.0,0.8022282123565674,3.5999999999999996,0.3163195907997923,0.9354679222436748,1666221.4949859432,0.0275570022965809
SYNTH_K30_n100k,100000,8,3,B,0.001,Double,0.3838505744934082,0.3163256259968501,1000.0,0.9354706708021392,2.4,1666218.4305151387,0.0
SYNTH_K30_n100k,100000,8,3,B,0.001,AdaptiveHybrid,156.0,0.564678430557251,3.5999999999999996,0.31633318823214884,0.9354730715172976,1666220.6367522653,0.028516370741272893
SYNTH_K30_n100k,100000,8,3,A,50.0,Double,300.0,0.46944642066955566,0.3163309019852697,0.9354811316267134,2.4,1666217.6035580405,0.0
SYNTH_K30_n100k,100000,8,3,A,50.0,AdaptiveHybrid,100.0,0.455582857131958,3.5999999999999996,0.31628278313241476,0.9354630974611562,1666217.4093702065,0.06227289513590781
SYNTH_K30_n100k,100000,8,3,A,50.0,Double,300.0,0.4837353229522705,0.3163150486314008,0.9354761098837955,2.4,1666218.2286725212,0.0
SYNTH_K30_n100k,100000,8,3,A,50.0,AdaptiveHybrid,110.0,0.38997483253479004,3.5999999999999996,0.31632336561154384,0.9354686076382599,1666217.9635370127,0.019059437004913884
SYNTH_K30_n100k,100000,8,3,A,50.0,Double,300.0,0.3864009380340576,0.316321850777806,0.9354699852741073,2.4,1666217.969273944,0.0
SYNTH_K30_n100k,100000,8,3,A,50.0,AdaptiveHybrid,162.0,0.46399402618408203,3.5999999999999996,0.3163195907997923,0.9354679222436748,1666217.5866630466,0.004744635662084527
SYNTH_K30_n100k,100000,8,3,B,0.1,Double,0.19333434104919434,0.31632336561154384,1000.0,0.9354686076382599,2.4,1666217.3173533443,0.0
SYNTH_K30_n100k,100000,8,3,B,0.1,AdaptiveHybrid,102.0,0.4113633632659912,3.5999999999999996,0.3163195907997923,0.9354679222436748,1666219.7721583657,2.887093250163609
SYNTH_K30_n100k,100000,8,3,B,0.1,Double,0.4106316566467285,0.31632336561154384,1000.0,0.9354686076382599,2.4,1666217.5833456628,0.0
SYNTH_K30_n100k,100000,8,3,B,0.1,AdaptiveHybrid,93.0,0.3659191131591797,3.5999999999999996,0.3163256052457521,0.9354798267101906,1666217.6099482006,2.873905840138949
SYNTH_K30_n100k,100000,8,3,B,0.1,Double,0.32795047760009766,0.3163485189463685,1000.0,0.9354768118698262,2.4,1666217.4729857428,0.0
SYNTH_K30_n100k,100000,8,3,B,0.1,AdaptiveHybrid,113.0,0.39452600479125977,3.5999999999999996,0.3163195907997923,0.9354679222436748,1666217.617294306,2.9134318788300764
SYNTH_K30_n100k,100000,8,3,B,0.001,Double,0.3490011692047119,0.3163485189463685,1000.0,0.9354768118698262,2.4,1666218.8326925917,0.0
SYNTH_K30_n100k,100000,8,3,B,0.001,AdaptiveHybrid,107.0,0.3817117214202881,3.5999999999999996,0.3163256259968501,0.9354706708021392,1666217.9996882498,0.03801390316508259
SYNTH_K30_n100k,100000,8,3,B,0.001,Double,0.4324162006378174,0.31632789022842933,1000.0,0.9354717652770321,2.4,1666218.0995558703,0.0
SYNTH_K30_n100k,100000,8,3,B,0.001,AdaptiveHybrid,112.0,0.39478635787963867,3.5999999999999996,0.3163211090726334,0.9354689885683676,1666217.5107096813,0.034901961245163635
SYNTH_K30_n100k,100000,8,3,B,0.001,Double,0.3546936511993408,0.31632334053233346,1000.0,0.9354787329214849,2.4,1666217.9691539733,0.0
SYNTH_K30_n100k,100000,8,3,B,0.001,AdaptiveHybrid,82.0,0.3494839668273926,3.5999999999999996,0.3163195907997923,0.9354679222436748,1666217.567994385,0.02268636141784744
SYNTH_K30_n100k,100000,8,30,A,0.0,Double,300.0,0.11231207847595215,0.29008963423603423,1.9235925755348162,24.0,61548692.86245949,0.0
SYNTH_K30_n100k,100000,8,30,A,0.0,AdaptiveHybrid,12.0,0.2369852066040039,36.0,0.29008963423603423,1.9235925755348162,61549452.21604697,11.024682195490026
SYNTH_K30_n100k,100000,8,30,A,0.0,Double,300.0,0.29815244674682617,0.29008963423603423,1.9235925755348162,24.0,61548763.84984497,0.0
SYNTH_K30_n100k,100000,8,30,A,0.0,AdaptiveHybrid,12.0,0.24808692932128906,36.0,0.29008963423603423,1.9235925755348162,61549280.04007058,10.999245153739551
SYNTH_K30_n100k,100000,8,30,A,0.0,Double,300.0,0.10231161117553711,0.29008963423603423,1.9235925755348162,24.0,61549190.02693935,0.0
SYNTH_K30_n100k,100000,8,30,A,0.0,AdaptiveHybrid,11.0,0.2513587474822998,36.0,0.29008963423603423,1.9235925755348162,61548700.98453093,11.129719267866813
SYNTH_K30_n100k,100000,8,30,B,0.1,Double,0.19525694847106934,0.29008963423603423,1000.0,1.9235925755348162,24.0,61548872.74298611,0.0
SYNTH_K30_n100k,100000,8,30,B,0.1,AdaptiveHybrid,9.0,0.1532154083251953,36.0,0.29008963423603423,1.9235925755348162,61548611.66758152,0.41624230356255176
SYNTH_K30_n100k,100000,8,30,B,0.1,Double,0.15333175659179688,0.29008963423603423,1000.0,1.9235925755348162,24.0,61548571.54290329,0.0
SYNTH_K30_n100k,100000,8,30,B,0.1,AdaptiveHybrid,9.0,0.1775658130645752,36.0,0.29008963423603423,1.9235925755348162,61548783.28352989,0.2979289857151754
SYNTH_K30_n100k,100000,8,30,B,0.1,Double,0.1820673942565918,0.29008963423603423,1000.0,1.9235925755348162,24.0,61549965.34949376,0.0
SYNTH_K30_n100k,100000,8,30,B,0.1,AdaptiveHybrid,7.0,0.2510650157928467,36.0,0.29008963423603423,1.9235925755348162,61548634.71182714,0.14541894529664057
SYNTH_K30_n100k,100000,8,30,B,0.001,Double,0.15536046028137207,0.29008963423603423,1000.0,1.9235925755348162,24.0,61548648.88613469,0.0
SYNTH_K30_n100k,100000,8,30,B,0.001,AdaptiveHybrid,26.0,0.3347322940826416,36.0,0.29008963423603423,1.9235925755348162,61548698.071853325,0.09621338088782784
SYNTH_K30_n100k,100000,8,30,B,0.001,Double,0.13306546211242676,0.29008963423603423,1000.0,1.9235925755348162,24.0,61548960.413322635,0.0
SYNTH_K30_n100k,100000,8,30,B,0.001,AdaptiveHybrid,14.0,0.2645909786224365,36.0,0.29008963423603423,1.9235925755348162,61549223.383722946,0.3842012373856515
SYNTH_K30_n100k,100000,8,30,B,0.001,Double,0.26813769340515137,0.29008963423603423,1000.0,1.9235925755348162,24.0,61549130.65291459,0.0
SYNTH_K30_n100k,100000,8,30,B,0.001,AdaptiveHybrid,26.0,0.3330509662628174,36.0,0.29008963423603423,1.9235925755348162,61548609.56476033,0.09432201145069079
SYNTH_K30_n100k,100000,8,30,A,50.0,Double,300.0,0.1700448989868164,0.29008963423603423,1.9235925755348162,24.0,61548808.74790679,0.0
SYNTH_K30_n100k,100000,8,30,A,50.0,AdaptiveHybrid,12.0,0.2764456272125244,36.0,0.29008963423603423,1.9235925755348162,61548571.54290329,9.655526343708967e-05
SYNTH_K30_n100k,100000,8,30,A,50.0,Double,300.0,0.11088013648986816,0.29008963423603423,1.9235925755348162,24.0,61549826.84047047,0.0
SYNTH_K30_n100k,100000,8,30,A,50.0,AdaptiveHybrid,16.0,0.24357891082763672,36.0,0.29008963423603423,1.9235925755348162,61548597.64377034,0.09529596107302395
SYNTH_K30_n100k,100000,8,30,A,50.0,Double,300.0,0.0972590446472168,0.29008963423603423,1.9235925755348162,24.0,61548573.76548039,0.0
SYNTH_K30_n100k,100000,8,30,A,50.0,AdaptiveHybrid,19.0,0.3069634437561035,36.0,0.29008963423603423,1.9235925755348162,61549102.95564413,0.26636324412254064
SYNTH_K30_n100k,100000,8,30,B,0.1,Double,0.2543823719024658,0.29008963423603423,1000.0,1.9235925755348162,24.0,61549098.27830829,0.0
SYNTH_K30_n100k,100000,8,30,B,0.1,AdaptiveHybrid,11.0,0.28381824493408203,36.0,0.29008963423603423,1.9235925755348162,61549029.635954544,0.2853764389125076
SYNTH_K30_n100k,100000,8,30,B,0.1,Double,0.16238903999328613,0.29008963423603423,1000.0,1.9235925755348162,24.0,61549119.355001636,0.0
SYNTH_K30_n100k,100000,8,30,B,0.1,AdaptiveHybrid,6.0,0.22095417976379395,36.0,0.29008963423603423,1.9235925755348162,61548611.66758152,0.18126346943574062
SYNTH_K30_n100k,100000,8,30,B,0.1,Double,0.13668537139892578,0.29008963423603423,1000.0,1.9235925755348162,24.0,61549546.34093055,0.0
SYNTH_K30_n100k,100000,8,30,B,0.1,AdaptiveHybrid,10.0,0.24489045143127441,36.0,0.29008963423603423,1.9235925755348162,61548716.97551936,0.13153308292231253
SYNTH_K30_n100k,100000,8,30,B,0.001,Double,0.2154386043548584,0.29008963423603423,1000.0,1.9235925755348162,24.0,61549331.96151501,0.0
SYNTH_K30_n100k,100000,8,30,B,0.001,AdaptiveHybrid,12.0,0.24396491050720215,36.0,0.29008963423603423,1.9235925755348162,61549156.247064404,0.3048102587564789
SYNTH_K30_n100k,100000,8,30,B,0.001,Double,0.18796491622924805,0.29008963423603423,1000.0,1.9235925755348162,24.0,61548831.30914403,0.0
SYNTH_K30_n100k,100000,8,30,B,0.001,AdaptiveHybrid,12.0,0.28476977348327637,36.0,0.29008963423603423,1.9235925755348162,61548713.1907056,0.1996648712772124
SYNTH_K30_n100k,100000,8,30,B,0.001,Double,0.24915671348571777,0.29008963423603423,1000.0,1.9235925755348162,24.0,61548687.25693169,0.0
SYNTH_K30_n100k,100000,8,30,B,0.001,AdaptiveHybrid,10.0,0.24164342880249023,36.0,0.29008963423603423,1.9235925755348162,61549255.31177265,0.12805798814347508
3D_ROAD,434874,5,3,A,0.0,Double,300.0,0.13239669799804688,,0.4141864971867971,10.436976,2.0036355354733412e+19,0.0
3D_ROAD,434874,5,3,A,0.0,AdaptiveHybrid,11.0,0.17267370223999023,15.655463999999998,,0.41418862821387903,2.003284435376629e+19,896273.5744295215
3D_ROAD,434874,5,3,A,0.0,Double,300.0,0.12551403045654297,,0.41418862821387903,10.436976,2.003625413251541e+19,0.0
3D_ROAD,434874,5,3,A,0.0,AdaptiveHybrid,6.0,0.13852882385253906,15.655463999999998,,0.41418862821387903,2.0031426340139065e+19,800388.6782769507
3D_ROAD,434874,5,3,A,0.0,Double,300.0,0.1847703456878662,,0.41418862821387903,10.436976,2.0031894105936765e+19,0.0
3D_ROAD,434874,5,3,A,0.0,AdaptiveHybrid,33.0,0.38013672828674316,15.655463999999998,,0.41418862821387903,2.0031723297971462e+19,862193.8284788054
3D_ROAD,434874,5,3,B,0.1,Double,0.21556806564331055,,1000.0,0.41418862821387903,10.436976,2.0032610760535097e+19,0.0
3D_ROAD,434874,5,3,B,0.1,AdaptiveHybrid,14.0,0.2805342674255371,15.655463999999998,,0.41418862821387903,2.003549760278446e+19,815764.2001096217
3D_ROAD,434874,5,3,B,0.1,Double,0.12095355987548828,,1000.0,0.41418862821387903,10.436976,2.0034588778054603e+19,0.0
3D_ROAD,434874,5,3,B,0.1,AdaptiveHybrid,17.0,0.2617514133453369,15.655463999999998,,0.4141843738162459,2.0031894724062724e+19,1023478.154442768
3D_ROAD,434874,5,3,B,0.1,Double,0.11247420310974121,,1000.0,0.41418862821387903,10.436976,2.003531850292729e+19,0.0
3D_ROAD,434874,5,3,B,0.1,AdaptiveHybrid,5.0,0.16326332092285156,15.655463999999998,,0.4143105194452759,2.0031381740021596e+19,724563.8061235221
3D_ROAD,434874,5,3,B,0.001,Double,0.13489723205566406,,1000.0,0.41418862821387903,10.436976,2.0032847292310237e+19,0.0
3D_ROAD,434874,5,3,B,0.001,AdaptiveHybrid,19.0,0.2788376808166504,15.655463999999998,,0.41418862821387903,2.0031731914597188e+19,196404.17112286924
3D_ROAD,434874,5,3,B,0.001,Double,0.28333520889282227,,1000.0,0.41418862821387903,10.436976,2.003139302929021e+19,0.0
3D_ROAD,434874,5,3,B,0.001,AdaptiveHybrid,12.0,0.27407264709472656,15.655463999999998,,0.4142959482670772,2.0032753413980647e+19,224992.06015393636
3D_ROAD,434874,5,3,B,0.001,Double,0.0948634147644043,,1000.0,0.41418862821387903,10.436976,2.00373490418472e+19,0.0
3D_ROAD,434874,5,3,B,0.001,AdaptiveHybrid,5.0,0.14031696319580078,15.655463999999998,,0.41418862821387903,2.003552386590153e+19,230787.99932182196
3D_ROAD,434874,5,3,A,50.0,Double,300.0,0.10512685775756836,,0.41418862821387903,10.436976,2.0032275805136904e+19,0.0
3D_ROAD,434874,5,3,A,50.0,AdaptiveHybrid,18.0,0.3162534236907959,15.655463999999998,,0.41418862821387903,2.003209750589812e+19,158138.95353562082
3D_ROAD,434874,5,3,A,50.0,Double,300.0,0.11715149879455566,,0.41418862821387903,10.436976,2.003153476173273e+19,0.0
3D_ROAD,434874,5,3,A,50.0,AdaptiveHybrid,27.0,0.41990041732788086,15.655463999999998,,0.41418862821387903,2.0037835731217084e+19,417192.4912638436
3D_ROAD,434874,5,3,A,50.0,Double,300.0,0.11614489555358887,,0.41418862821387903,10.436976,2.0033491361466696e+19,0.0
3D_ROAD,434874,5,3,A,50.0,AdaptiveHybrid,24.0,0.36870336532592773,15.655463999999998,,0.4140232737166697,2.003618831019685e+19,214692.26028971508
3D_ROAD,434874,5,3,B,0.1,Double,0.12488245964050293,,1000.0,0.41418862821387903,10.436976,2.0034718127395824e+19,0.0
3D_ROAD,434874,5,3,B,0.1,AdaptiveHybrid,17.0,0.27457594871520996,15.655463999999998,,0.4142959482670772,2.0036033455390155e+19,943054.6850569563
3D_ROAD,434874,5,3,B,0.1,Double,0.13937616348266602,,1000.0,0.4143105194452759,10.436976,2.0031436301781803e+19,0.0
3D_ROAD,434874,5,3,B,0.1,AdaptiveHybrid,12.0,0.21881818771362305,15.655463999999998,,0.41418862821387903,2.0036883658638496e+19,816193.5286017436
3D_ROAD,434874,5,3,B,0.1,Double,0.17032766342163086,,1000.0,0.4142959482670772,10.436976,2.003598165969872e+19,0.0
3D_ROAD,434874,5,3,B,0.1,AdaptiveHybrid,7.0,0.1731739044189453,15.655463999999998,,0.41418862821387903,2.0031872496780894e+19,948434.9150085206
3D_ROAD,434874,5,3,B,0.001,Double,0.15973663330078125,,1000.0,0.41418862821387903,10.436976,2.003209923791535e+19,0.0
3D_ROAD,434874,5,3,B,0.001,AdaptiveHybrid,9.0,0.1992015838623047,15.655463999999998,,0.41418862821387903,2.0031420795920863e+19,137657.0375720867
3D_ROAD,434874,5,3,B,0.001,Double,0.1669771671295166,,1000.0,0.4143105194452759,10.436976,2.003642356125503e+19,0.0
3D_ROAD,434874,5,3,B,0.001,AdaptiveHybrid,13.0,0.23747682571411133,15.655463999999998,,0.41418862821387903,2.003639676881199e+19,241770.63299741244
3D_ROAD,434874,5,3,B,0.001,Double,0.13548946380615234,,1000.0,0.4143105194452759,10.436976,2.003497551384721e+19,0.0
3D_ROAD,434874,5,3,B,0.001,AdaptiveHybrid,6.0,0.15488481521606445,15.655463999999998,,0.920491137862118,6.153163687093981e+19,344175.73599357833
3D_ROAD,434874,8,3,A,0.0,Double,300.0,0.32601308822631836,,0.5091701875582137,10.436976,8.489632782692718e+18,0.0
3D_ROAD,434874,8,3,A,0.0,AdaptiveHybrid,38.0,0.415846586227417,15.655463999999998,,0.5095209040297859,8.489567129053984e+18,3705916.405779574
3D_ROAD,434874,8,3,A,0.0,Double,300.0,0.3907968997955322,,0.5091701875582137,10.436976,8.491532859332222e+18,0.0
3D_ROAD,434874,8,3,A,0.0,AdaptiveHybrid,22.0,0.32109785079956055,15.655463999999998,,0.5090659255507894,8.489982001567426e+18,3863446.9867497287
3D_ROAD,434874,8,3,A,0.0,Double,300.0,0.47275328636169434,,0.5095209040297859,10.436976,8.489572468107408e+18,0.0
3D_ROAD,434874,8,3,A,0.0,AdaptiveHybrid,21.0,0.31743907928466797,15.655463999999998,,0.5091701875582137,8.489613709825369e+18,3677465.068940908
3D_ROAD,434874,8,3,B,0.1,Double,0.3265833854675293,,1000.0,0.5095209040297859,10.436976,8.489521595485936e+18,0.0
3D_ROAD,434874,8,3,B,0.1,AdaptiveHybrid,25.0,0.3210639953613281,15.655463999999998,,0.5091701875582137,8.48961051956867e+18,4007781.693586705
3D_ROAD,434874,8,3,B,0.1,Double,0.36902642250061035,,1000.0,0.5092026272625998,10.436976,8.489714196657218e+18,0.0
3D_ROAD,434874,8,3,B,0.1,AdaptiveHybrid,8.0,0.18228697776794434,15.655463999999998,,0.50949407436727,8.489976946474463e+18,3909590.9412575257
3D_ROAD,434874,8,3,B,0.1,Double,0.23068952560424805,,1000.0,0.5091701875582137,10.436976,8.492733654223271e+18,0.0
3D_ROAD,434874,8,3,B,0.1,AdaptiveHybrid,14.0,0.2680654525756836,15.655463999999998,,0.5095209040297859,8.489535054471406e+18,3851244.538812179
3D_ROAD,434874,8,3,B,0.001,Double,0.38285064697265625,,1000.0,0.5095209040297859,10.436976,8.489546759108925e+18,0.0
3D_ROAD,434874,8,3,B,0.001,AdaptiveHybrid,32.0,0.4118187427520752,15.655463999999998,,0.5091701875582137,8.489595770411761e+18,853390.1831116659
3D_ROAD,434874,8,3,B,0.001,Double,0.3474898338317871,,1000.0,0.5092026272625998,10.436976,8.489751235563343e+18,0.0
3D_ROAD,434874,8,3,B,0.001,AdaptiveHybrid,26.0,0.35561513900756836,15.655463999999998,,0.5091701875582137,8.48961429606804e+18,553880.5966871874
3D_ROAD,434874,8,3,B,0.001,Double,0.21583223342895508,,1000.0,0.50949407436727,10.436976,8.49059027674317e+18,0.0
3D_ROAD,434874,8,3,B,0.001,AdaptiveHybrid,22.0,0.3110940456390381,15.655463999999998,,0.508981862898001,8.493123132391039e+18,635395.9278313671
3D_ROAD,434874,8,3,A,50.0,Double,300.0,0.41281747817993164,,0.5091701875582137,10.436976,8.489606736412308e+18,0.0
3D_ROAD,434874,8,3,A,50.0,AdaptiveHybrid,32.0,0.38332104682922363,15.655463999999998,,0.5095209040297859,8.489521274429173e+18,316147.72476809926
3D_ROAD,434874,8,3,A,50.0,Double,300.0,0.35619139671325684,,0.5091701875582137,10.436976,8.489645019014928e+18,0.0
3D_ROAD,434874,8,3,A,50.0,AdaptiveHybrid,44.0,0.4661695957183838,15.655463999999998,,0.5095209040297859,8.489522149167744e+18,135969.22065622636
3D_ROAD,434874,8,3,A,50.0,Double,300.0,0.3559994697570801,,0.5091969082098131,10.436976,8.489772599723817e+18,0.0
3D_ROAD,434874,8,3,A,50.0,AdaptiveHybrid,29.0,0.35579562187194824,15.655463999999998,,0.50949407436727,8.489536896462092e+18,78633.83593376167
3D_ROAD,434874,8,3,B,0.1,Double,0.30390119552612305,,1000.0,0.5091701875582137,10.436976,8.491133121823078e+18,0.0
3D_ROAD,434874,8,3,B,0.1,AdaptiveHybrid,25.0,0.391448974609375,15.655463999999998,,0.5091701875582137,8.489623442941043e+18,3790719.3661830984
3D_ROAD,434874,8,3,B,0.1,Double,0.3879685401916504,,1000.0,0.5095209040297859,10.436976,8.489521595485936e+18,0.0
3D_ROAD,434874,8,3,B,0.1,AdaptiveHybrid,34.0,0.3796701431274414,15.655463999999998,,0.5095209040297859,8.489543408738099e+18,3872997.4819774474
3D_ROAD,434874,8,3,B,0.1,Double,0.2994210720062256,,1000.0,0.5091701875582137,10.436976,8.489632782692718e+18,0.0
3D_ROAD,434874,8,3,B,0.1,AdaptiveHybrid,33.0,0.4548149108886719,15.655463999999998,,0.5092026272625998,8.489726202795961e+18,3708199.2591087464
3D_ROAD,434874,8,3,B,0.001,Double,0.3631904125213623,,1000.0,0.5091239439899506,10.436976,8.48995067832498e+18,0.0
3D_ROAD,434874,8,3,B,0.001,AdaptiveHybrid,31.0,0.38313984870910645,15.655463999999998,,0.5095209040297859,8.489521251231615e+18,196967.38362554798
3D_ROAD,434874,8,3,B,0.001,Double,0.40531086921691895,,1000.0,0.5095209040297859,10.436976,8.489561845832745e+18,0.0
3D_ROAD,434874,8,3,B,0.001,AdaptiveHybrid,22.0,0.33487462997436523,15.655463999999998,,0.5095209040297859,8.48954619362862e+18,197573.88430799695
3D_ROAD,434874,8,3,B,0.001,Double,0.3489956855773926,,1000.0,0.5095209040297859,10.436976,8.489542130978828e+18,0.0
3D_ROAD,434874,8,3,B,0.001,AdaptiveHybrid,17.0,0.2803788185119629,15.655463999999998,,0.5091701875582137,8.492371321945026e+18,450779.3378239691
SUSY,1000000,5,3,A,0.0,Double,300.0,1.9464008808135986,,0.8951874092430601,24.0,295497.78005123703,0.0
SUSY,1000000,5,3,A,0.0,AdaptiveHybrid,300.0,4.326981782913208,36.0,,0.8951891977924211,295497.810596669,1.5425947806542326
SUSY,1000000,5,3,A,0.0,Double,300.0,1.6828038692474365,,0.8951677701962275,24.0,295497.7767795539,0.0
SUSY,1000000,5,3,A,0.0,AdaptiveHybrid,300.0,4.223776340484619,36.0,,0.8951941675625259,295497.7857856109,1.540978747691332
SUSY,1000000,5,3,A,0.0,Double,300.0,1.6450495719909668,,0.8951747129713086,24.0,295497.78995904716,0.0
SUSY,1000000,5,3,A,0.0,AdaptiveHybrid,300.0,4.239992141723633,36.0,,0.8951761825609843,295497.8055136149,1.5408061601604073
SUSY,1000000,5,3,B,0.1,Double,15.277235746383667,,1000.0,0.8951852304929506,24.0,295497.7805353914,0.0
SUSY,1000000,5,3,B,0.1,AdaptiveHybrid,1000.0,14.773728609085083,36.0,,0.8951797480992679,295497.8395110055,1.541637888364676
SUSY,1000000,5,3,B,0.1,Double,15.038113355636597,,1000.0,0.895186909892993,24.0,295497.7779747126,0.0
SUSY,1000000,5,3,B,0.1,AdaptiveHybrid,1000.0,15.318599224090576,36.0,,0.8951821242142619,295497.8118363887,1.541885111436869
SUSY,1000000,5,3,B,0.1,Double,17.8436861038208,,1000.0,0.8951717558972645,24.0,295497.78053805785,0.0
SUSY,1000000,5,3,B,0.1,AdaptiveHybrid,1000.0,14.821081399917603,36.0,,0.8951781032380906,295497.81707821327,1.5419281129876221
SUSY,1000000,5,3,B,0.001,Double,14.341670989990234,,1000.0,0.8951975557178059,24.0,295497.7879442398,0.0
SUSY,1000000,5,3,B,0.001,AdaptiveHybrid,1000.0,14.798545122146606,36.0,,0.8951743736224363,295497.7855809363,0.06295027714603649
SUSY,1000000,5,3,B,0.001,Double,15.234420776367188,,1000.0,0.895189665357003,24.0,295497.8001834453,0.0
SUSY,1000000,5,3,B,0.001,AdaptiveHybrid,1000.0,14.498570919036865,36.0,,0.895203544083282,295497.80328846694,0.0659170824034839
SUSY,1000000,5,3,B,0.001,Double,14.553925275802612,,1000.0,0.8951861203624185,24.0,295497.79206607654,0.0
SUSY,1000000,5,3,B,0.001,AdaptiveHybrid,1000.0,15.210947036743164,36.0,,0.8951767674896491,295497.7964097924,0.05829132020599511
SUSY,1000000,5,3,A,50.0,Double,300.0,1.6803574562072754,,0.8951789677006092,24.0,295497.7860269526,0.0
SUSY,1000000,5,3,A,50.0,AdaptiveHybrid,300.0,5.425035715103149,36.0,,0.8951849171659875,295497.78423859645,0.07449717239752343
SUSY,1000000,5,3,A,50.0,Double,300.0,2.1052677631378174,,0.8951908507604724,24.0,295497.9722931641,0.0
SUSY,1000000,5,3,A,50.0,AdaptiveHybrid,300.0,5.008667469024658,36.0,,0.8951741883653825,295497.7924975106,0.07474354555310969
SUSY,1000000,5,3,A,50.0,Double,300.0,1.8123793601989746,,0.8951863422197356,24.0,295497.82119902835,0.0
SUSY,1000000,5,3,A,50.0,AdaptiveHybrid,300.0,5.29075288772583,36.0,,0.8951764871750232,295497.8553470994,0.0739232473783515
SUSY,1000000,5,3,B,0.1,Double,14.355322360992432,,1000.0,0.8951858567089405,24.0,295497.7793023633,0.0
SUSY,1000000,5,3,B,0.1,AdaptiveHybrid,1000.0,13.945756912231445,36.0,,0.8951995302432814,295497.7830410206,1.5418235705368828
SUSY,1000000,5,3,B,0.1,Double,15.164672374725342,,1000.0,0.895182404161637,24.0,295497.7859722079,0.0
SUSY,1000000,5,3,B,0.1,AdaptiveHybrid,712.0,11.42821216583252,36.0,,0.8951660423997883,295497.7750811195,1.539637305290792
SUSY,1000000,5,3,B,0.1,Double,13.499078750610352,,1000.0,0.8951951562049804,24.0,295497.7856976676,0.0
SUSY,1000000,5,3,B,0.1,AdaptiveHybrid,1000.0,16.885409832000732,36.0,,0.8951807601307188,295497.850280231,1.5415786301398056
SUSY,1000000,5,3,B,0.001,Double,14.96499752998352,,1000.0,0.8951957374804687,24.0,295497.7824743657,0.0
SUSY,1000000,5,3,B,0.001,AdaptiveHybrid,1000.0,16.533812046051025,36.0,,0.8951955167874603,295497.7849138519,0.05966948011049186
SUSY,1000000,5,3,B,0.001,Double,15.693934917449951,,1000.0,0.8951526902468476,24.0,295497.8263896149,0.0
SUSY,1000000,5,3,B,0.001,AdaptiveHybrid,1000.0,14.86664867401123,36.0,,0.8951792929080773,295497.862305138,0.0666904171361238
SUSY,1000000,5,3,B,0.001,Double,17.156984567642212,,1000.0,0.8951889527731968,24.0,295497.7975079676,0.0
SUSY,1000000,5,3,B,0.001,AdaptiveHybrid,1000.0,16.394659519195557,36.0,,0.8951871319787392,295497.79021369194,0.056067235389273634
SUSY,1000000,8,3,A,0.0,Double,300.0,2.6440231800079346,,0.89531903853238,24.0,206307.4668674998,0.0
SUSY,1000000,8,3,A,0.0,AdaptiveHybrid,300.0,6.485739231109619,36.0,,0.8643005123004146,198901.16116230685,2.2447826965034783
SUSY,1000000,8,3,A,0.0,Double,300.0,2.202850580215454,,0.8955515074581568,24.0,206287.7102717768,0.0
SUSY,1000000,8,3,A,0.0,AdaptiveHybrid,300.0,7.419994831085205,36.0,,0.8642956803509487,198901.17207499544,2.245674519769157
SUSY,1000000,8,3,A,0.0,Double,300.0,2.557774543762207,,0.8954407971168064,24.0,206301.25927811812,0.0
SUSY,1000000,8,3,A,0.0,AdaptiveHybrid,300.0,7.008610725402832,36.0,,0.864299916072357,198901.162451669,2.2434379863520273
SUSY,1000000,8,3,B,0.1,Double,21.202126264572144,,1000.0,0.8642937053627898,24.0,198901.16407740244,0.0
SUSY,1000000,8,3,B,0.1,AdaptiveHybrid,1000.0,21.899842023849487,36.0,,0.8643075944090106,198901.1539257982,2.245193004227995
SUSY,1000000,8,3,B,0.1,Double,24.249714136123657,,1000.0,0.8643110338286202,24.0,198901.15904740585,0.0
SUSY,1000000,8,3,B,0.1,AdaptiveHybrid,1000.0,25.13601517677307,36.0,,0.8643122064585235,198901.15644705103,2.246371233763
SUSY,1000000,8,3,B,0.1,Double,17.71208882331848,,1000.0,0.8643192389073246,24.0,198901.15486958137,0.0
SUSY,1000000,8,3,B,0.1,AdaptiveHybrid,1000.0,24.2233304977417,36.0,,0.8642490954233405,198901.37056163984,2.2474233100752827
SUSY,1000000,8,3,B,0.001,Double,21.816127061843872,,1000.0,0.8642977239658798,24.0,198901.1575032503,0.0
SUSY,1000000,8,3,B,0.001,AdaptiveHybrid,1000.0,22.042601346969604,36.0,,0.8643153793625635,198901.1621710819,1.7341368735507603
SUSY,1000000,8,3,B,0.001,Double,21.906551599502563,,1000.0,0.8643077866578026,24.0,198901.15997129754,0.0
SUSY,1000000,8,3,B,0.001,AdaptiveHybrid,1000.0,18.416956186294556,36.0,,0.8643050639789202,198901.15949539098,1.7320701449531897
SUSY,1000000,8,3,B,0.001,Double,23.409083127975464,,1000.0,0.8641602547114007,24.0,198901.40686123035,0.0
SUSY,1000000,8,3,B,0.001,AdaptiveHybrid,1000.0,22.32327389717102,36.0,,0.8643185521692405,198901.1509194963,1.7470854854649416
SUSY,1000000,8,3,A,50.0,Double,300.0,2.6523873805999756,,0.8955263128633894,24.0,206291.72368808996,0.0
SUSY,1000000,8,3,A,50.0,AdaptiveHybrid,300.0,5.539308547973633,36.0,,0.8643046901852971,198901.1560043757,1.7041044802614431
SUSY,1000000,8,3,A,50.0,Double,300.0,2.605394124984741,,0.895523777783795,24.0,206293.64740447898,0.0
SUSY,1000000,8,3,A,50.0,AdaptiveHybrid,300.0,5.811874151229858,36.0,,0.8642915616677864,198901.1673198102,1.7041599804217096
SUSY,1000000,8,3,A,50.0,Double,300.0,2.243713855743408,,0.8955067813801878,24.0,206292.73064548863,0.0
SUSY,1000000,8,3,A,50.0,AdaptiveHybrid,300.0,5.483289957046509,36.0,,0.8642809961379595,198901.20577431656,1.7060140578124723
SUSY,1000000,8,3,B,0.1,Double,21.627851486206055,,1000.0,0.8643222995290918,24.0,198901.1524601799,0.0
SUSY,1000000,8,3,B,0.1,AdaptiveHybrid,1000.0,22.91404151916504,36.0,,0.8642967149228948,198901.44575439993,2.246086885814563
SUSY,1000000,8,3,B,0.1,Double,22.430105686187744,,1000.0,0.8643040185659785,24.0,198901.15536152484,0.0
SUSY,1000000,8,3,B,0.1,AdaptiveHybrid,1000.0,24.17724108695984,36.0,,0.8642986191682295,198901.15311604907,2.245536229363458
SUSY,1000000,8,3,B,0.1,Double,17.643074989318848,,1000.0,0.8643067243335052,24.0,198901.15067778176,0.0
SUSY,1000000,8,3,B,0.1,AdaptiveHybrid,1000.0,24.856598377227783,36.0,,0.8643103817126364,198901.15716470295,2.2449287835393714
SUSY,1000000,8,3,B,0.001,Double,22.261252880096436,,1000.0,0.864309786058373,24.0,198901.15494162525,0.0
SUSY,1000000,8,3,B,0.001,AdaptiveHybrid,1000.0,22.71793007850647,36.0,,0.8643138473368746,198901.1603274064,1.7339223031806787
SUSY,1000000,8,3,B,0.001,Double,24.60394787788391,,1000.0,0.8643149058136608,24.0,198901.15162924465,0.0
SUSY,1000000,8,3,B,0.001,AdaptiveHybrid,1000.0,20.852127075195312,36.0,,0.8643265822150323,198901.16563710428,1.7314553597014393
SUSY,1000000,8,3,B,0.001,Double,20.966336965560913,,1000.0,0.8643088955467734,24.0,198901.1510989168,0.0
SUSY,1000000,8,3,B,0.001,AdaptiveHybrid,1000.0,23.05101251602173,36.0,,0.8643240531853542,198901.15827541304,1.7293867920385093
