dataset,repeat,approach,penalty,alpha,lambda,solver,max_iter,max_iter_single,tol,time_sec,iters_single,iters_double,roc_auc,pr_auc,logloss
uniform,0,single(f32),l1,1.0,0.01,coord,1000,100,0.01,0.014791850000619888,44,,1.0,1.0,0.5075384753981889
uniform,0,single(f32),l1,1.0,0.01,coord,1000,350,0.01,0.013759506866335869,44,,1.0,1.0,0.5075384753981889
uniform,0,single(f32),l1,1.0,0.01,coord,1000,500,0.01,0.013636392075568438,44,,1.0,1.0,0.5075384753981889
uniform,0,single(f32),l1,1.0,0.01,coord,1000,1000,0.01,0.013959151692688465,44,,1.0,1.0,0.5075384753981889
uniform,0,single(f32),l1,1.0,0.01,coord,1000,100,0.0001,0.028414523229002953,1000,,1.0,1.0,0.5077693222183691
uniform,0,single(f32),l1,1.0,0.01,coord,1000,350,0.0001,0.03147932793945074,1000,,1.0,1.0,0.5077693222183691
uniform,0,single(f32),l1,1.0,0.01,coord,1000,500,0.0001,0.03162304498255253,1000,,1.0,1.0,0.5077693222183691
uniform,0,single(f32),l1,1.0,0.01,coord,1000,1000,0.0001,0.02801994513720274,1000,,1.0,1.0,0.5077693222183691
uniform,0,single(f32),l1,1.0,0.01,coord,1000,100,1e-06,0.07887224433943629,1000,,1.0,1.0,0.5077206273054669
uniform,0,single(f32),l1,1.0,0.01,coord,1000,350,1e-06,0.07974274270236492,1000,,1.0,1.0,0.5077206273054669
uniform,0,single(f32),l1,1.0,0.01,coord,1000,500,1e-06,0.07801425689831376,1000,,1.0,1.0,0.5077206273054669
uniform,0,single(f32),l1,1.0,0.01,coord,1000,1000,1e-06,0.07939619664102793,1000,,1.0,1.0,0.5077206273054669
uniform,0,single(f32),l1,1.0,0.01,coord,3000,100,0.01,0.013789338059723377,44,,1.0,1.0,0.5075384753981889
uniform,0,single(f32),l1,1.0,0.01,coord,3000,350,0.01,0.013831406831741333,44,,1.0,1.0,0.5075384753981889
uniform,0,single(f32),l1,1.0,0.01,coord,3000,500,0.01,0.014394786208868027,44,,1.0,1.0,0.5075384753981889
uniform,0,single(f32),l1,1.0,0.01,coord,3000,1000,0.01,0.013859710190445185,44,,1.0,1.0,0.5075384753981889
uniform,0,single(f32),l1,1.0,0.01,coord,3000,100,0.0001,0.04436529893428087,1687,,1.0,1.0,0.5077051414787334
uniform,0,single(f32),l1,1.0,0.01,coord,3000,350,0.0001,0.044518264941871166,1687,,1.0,1.0,0.5077051414787334
uniform,0,single(f32),l1,1.0,0.01,coord,3000,500,0.0001,0.04251167178153992,1687,,1.0,1.0,0.5077051414787334
uniform,0,single(f32),l1,1.0,0.01,coord,3000,1000,0.0001,0.043244494125247,1687,,1.0,1.0,0.5077051414787334
uniform,0,single(f32),l1,1.0,0.01,coord,3000,100,1e-06,0.23540025111287832,3000,,1.0,1.0,0.5078131127153428
uniform,0,single(f32),l1,1.0,0.01,coord,3000,350,1e-06,0.22757176589220762,3000,,1.0,1.0,0.5078131127153428
uniform,0,single(f32),l1,1.0,0.01,coord,3000,500,1e-06,0.22571981186047196,3000,,1.0,1.0,0.5078131127153428
uniform,0,single(f32),l1,1.0,0.01,coord,3000,1000,1e-06,0.22885091695934534,3000,,1.0,1.0,0.5078131127153428
uniform,0,single(f32),l1,1.0,0.0001,coord,1000,100,0.01,0.013949057552963495,41,,1.0,1.0,0.5041984566142258
uniform,0,single(f32),l1,1.0,0.0001,coord,1000,350,0.01,0.01400548405945301,41,,1.0,1.0,0.5041984566142258
uniform,0,single(f32),l1,1.0,0.0001,coord,1000,500,0.01,0.014009692706167698,41,,1.0,1.0,0.5041984566142258
uniform,0,single(f32),l1,1.0,0.0001,coord,1000,1000,0.01,0.014030798804014921,41,,1.0,1.0,0.5041984566142258
uniform,0,single(f32),l1,1.0,0.0001,coord,1000,100,0.0001,0.034486745949834585,1000,,1.0,1.0,0.5034837450590274
uniform,0,single(f32),l1,1.0,0.0001,coord,1000,350,0.0001,0.034167176112532616,1000,,1.0,1.0,0.5034837450590274
uniform,0,single(f32),l1,1.0,0.0001,coord,1000,500,0.0001,0.034386840648949146,1000,,1.0,1.0,0.5034837450590274
uniform,0,single(f32),l1,1.0,0.0001,coord,1000,1000,0.0001,0.034202725160866976,1000,,1.0,1.0,0.5034837450590274
uniform,0,single(f32),l1,1.0,0.0001,coord,1000,100,1e-06,0.0945816938765347,1000,,1.0,1.0,0.5036392774299643
uniform,0,single(f32),l1,1.0,0.0001,coord,1000,350,1e-06,0.1064436649903655,1000,,1.0,1.0,0.5036392774299643
uniform,0,single(f32),l1,1.0,0.0001,coord,1000,500,1e-06,0.1068762382492423,1000,,1.0,1.0,0.5036392774299643
uniform,0,single(f32),l1,1.0,0.0001,coord,1000,1000,1e-06,0.10656250268220901,1000,,1.0,1.0,0.5036392774299643
uniform,0,single(f32),l1,1.0,0.0001,coord,3000,100,0.01,0.013941129203885794,41,,1.0,1.0,0.5041984566142258
uniform,0,single(f32),l1,1.0,0.0001,coord,3000,350,0.01,0.014133394695818424,41,,1.0,1.0,0.5041984566142258
uniform,0,single(f32),l1,1.0,0.0001,coord,3000,500,0.01,0.013818999286741018,41,,1.0,1.0,0.5041984566142258
uniform,0,single(f32),l1,1.0,0.0001,coord,3000,1000,0.01,0.014262634795159101,41,,1.0,1.0,0.5041984566142258
uniform,0,single(f32),l1,1.0,0.0001,coord,3000,100,0.0001,0.04276853008195758,1332,,1.0,1.0,0.5035089571405849
uniform,0,single(f32),l1,1.0,0.0001,coord,3000,350,0.0001,0.04663640167564154,1332,,1.0,1.0,0.5035089571405849
uniform,0,single(f32),l1,1.0,0.0001,coord,3000,500,0.0001,0.04370669461786747,1332,,1.0,1.0,0.5035089571405849
uniform,0,single(f32),l1,1.0,0.0001,coord,3000,1000,0.0001,0.04450668394565582,1332,,1.0,1.0,0.5035089571405849
uniform,0,single(f32),l1,1.0,0.0001,coord,3000,100,1e-06,0.25573784578591585,3000,,1.0,1.0,0.5038708470590142
uniform,0,single(f32),l1,1.0,0.0001,coord,3000,350,1e-06,0.2798518808558583,3000,,1.0,1.0,0.5038708470590142
uniform,0,single(f32),l1,1.0,0.0001,coord,3000,500,1e-06,0.253592680208385,3000,,1.0,1.0,0.5038708470590142
uniform,0,single(f32),l1,1.0,0.0001,coord,3000,1000,1e-06,0.25705600110813975,3000,,1.0,1.0,0.5038708470590142
uniform,0,single(f32),l1,1.0,1e-06,coord,1000,100,0.01,0.013996913097798824,38,,1.0,1.0,0.5044365888061132
uniform,0,single(f32),l1,1.0,1e-06,coord,1000,350,0.01,0.013623576145619154,38,,1.0,1.0,0.5044365888061132
uniform,0,single(f32),l1,1.0,1e-06,coord,1000,500,0.01,0.01415521977469325,38,,1.0,1.0,0.5044365888061132
uniform,0,single(f32),l1,1.0,1e-06,coord,1000,1000,0.01,0.013843084685504436,38,,1.0,1.0,0.5044365888061132
uniform,0,single(f32),l1,1.0,1e-06,coord,1000,100,0.0001,0.04756879387423396,1000,,1.0,1.0,0.5032845726381947
uniform,0,single(f32),l1,1.0,1e-06,coord,1000,350,0.0001,0.053588803857564926,1000,,1.0,1.0,0.5032845726381947
uniform,0,single(f32),l1,1.0,1e-06,coord,1000,500,0.0001,0.05259140860289335,1000,,1.0,1.0,0.5032845726381947
uniform,0,single(f32),l1,1.0,1e-06,coord,1000,1000,0.0001,0.06120560644194484,1000,,1.0,1.0,0.5032845726381947
uniform,0,single(f32),l1,1.0,1e-06,coord,1000,100,1e-06,0.1544254976324737,1000,,1.0,1.0,0.5040424027921463
uniform,0,single(f32),l1,1.0,1e-06,coord,1000,350,1e-06,0.14200569409877062,1000,,1.0,1.0,0.5040424027921463
uniform,0,single(f32),l1,1.0,1e-06,coord,1000,500,1e-06,0.13101617293432355,1000,,1.0,1.0,0.5040424027921463
uniform,0,single(f32),l1,1.0,1e-06,coord,1000,1000,1e-06,0.13209617277607322,1000,,1.0,1.0,0.5040424027921463
uniform,0,single(f32),l1,1.0,1e-06,coord,3000,100,0.01,0.014332793187350035,38,,1.0,1.0,0.5044365888061132
uniform,0,single(f32),l1,1.0,1e-06,coord,3000,350,0.01,0.015600258950144053,38,,1.0,1.0,0.5044365888061132
uniform,0,single(f32),l1,1.0,1e-06,coord,3000,500,0.01,0.014496671967208385,38,,1.0,1.0,0.5044365888061132
uniform,0,single(f32),l1,1.0,1e-06,coord,3000,1000,0.01,0.014574401080608368,38,,1.0,1.0,0.5044365888061132
uniform,0,single(f32),l1,1.0,1e-06,coord,3000,100,0.0001,0.04418250871822238,1269,,1.0,1.0,0.5033744419700789
uniform,0,single(f32),l1,1.0,1e-06,coord,3000,350,0.0001,0.04849919676780701,1269,,1.0,1.0,0.5033744419700789
uniform,0,single(f32),l1,1.0,1e-06,coord,3000,500,0.0001,0.0513702011667192,1269,,1.0,1.0,0.5033744419700789
uniform,0,single(f32),l1,1.0,1e-06,coord,3000,1000,0.0001,0.047485834918916225,1269,,1.0,1.0,0.5033744419700789
uniform,0,single(f32),l1,1.0,1e-06,coord,3000,100,1e-06,0.39554714830592275,3000,,1.0,1.0,0.5031756518921875
uniform,0,single(f32),l1,1.0,1e-06,coord,3000,350,1e-06,0.39507831865921617,3000,,1.0,1.0,0.5031756518921875
uniform,0,single(f32),l1,1.0,1e-06,coord,3000,500,1e-06,0.35897114407271147,3000,,1.0,1.0,0.5031756518921875
uniform,0,single(f32),l1,1.0,1e-06,coord,3000,1000,1e-06,0.35292127914726734,3000,,1.0,1.0,0.5031756518921875
uniform,0,single(f32),l1,1.0,0.01,coord,1000,100,0.01,0.013779737055301666,44,,1.0,1.0,0.5075384753981889
uniform,0,single(f32),l1,1.0,0.01,coord,1000,350,0.01,0.013652476947754622,44,,1.0,1.0,0.5075384753981889
uniform,0,single(f32),l1,1.0,0.01,coord,1000,500,0.01,0.013978024944663048,44,,1.0,1.0,0.5075384753981889
uniform,0,single(f32),l1,1.0,0.01,coord,1000,1000,0.01,0.01368235470727086,44,,1.0,1.0,0.5075384753981889
uniform,0,single(f32),l1,1.0,0.01,coord,1000,100,0.0001,0.02756658522412181,1000,,1.0,1.0,0.5077693222183691
uniform,0,single(f32),l1,1.0,0.01,coord,1000,350,0.0001,0.027157693170011044,1000,,1.0,1.0,0.5077693222183691
uniform,0,single(f32),l1,1.0,0.01,coord,1000,500,0.0001,0.027200672309845686,1000,,1.0,1.0,0.5077693222183691
uniform,0,single(f32),l1,1.0,0.01,coord,1000,1000,0.0001,0.027070079930126667,1000,,1.0,1.0,0.5077693222183691
uniform,0,single(f32),l1,1.0,0.01,coord,1000,100,1e-06,0.07681888062506914,1000,,1.0,1.0,0.5077206273054669
uniform,0,single(f32),l1,1.0,0.01,coord,1000,350,1e-06,0.07918614195659757,1000,,1.0,1.0,0.5077206273054669
uniform,0,single(f32),l1,1.0,0.01,coord,1000,500,1e-06,0.08130083559080958,1000,,1.0,1.0,0.5077206273054669
uniform,0,single(f32),l1,1.0,0.01,coord,1000,1000,1e-06,0.07603036286309361,1000,,1.0,1.0,0.5077206273054669
uniform,0,single(f32),l1,1.0,0.01,coord,3000,100,0.01,0.014068469870835543,44,,1.0,1.0,0.5075384753981889
uniform,0,single(f32),l1,1.0,0.01,coord,3000,350,0.01,0.013703869190067053,44,,1.0,1.0,0.5075384753981889
uniform,0,single(f32),l1,1.0,0.01,coord,3000,500,0.01,0.013883498962968588,44,,1.0,1.0,0.5075384753981889
uniform,0,single(f32),l1,1.0,0.01,coord,3000,1000,0.01,0.013873491436243057,44,,1.0,1.0,0.5075384753981889
uniform,0,single(f32),l1,1.0,0.01,coord,3000,100,0.0001,0.044047154020518064,1687,,1.0,1.0,0.5077051414787334
uniform,0,single(f32),l1,1.0,0.01,coord,3000,350,0.0001,0.04173126816749573,1687,,1.0,1.0,0.5077051414787334
uniform,0,single(f32),l1,1.0,0.01,coord,3000,500,0.0001,0.044900291133672,1687,,1.0,1.0,0.5077051414787334
uniform,0,single(f32),l1,1.0,0.01,coord,3000,1000,0.0001,0.042107346933335066,1687,,1.0,1.0,0.5077051414787334
uniform,0,single(f32),l1,1.0,0.01,coord,3000,100,1e-06,0.23101462610065937,3000,,1.0,1.0,0.5078131127153428
uniform,0,single(f32),l1,1.0,0.01,coord,3000,350,1e-06,0.25333286076784134,3000,,1.0,1.0,0.5078131127153428
uniform,0,single(f32),l1,1.0,0.01,coord,3000,500,1e-06,0.2414964367635548,3000,,1.0,1.0,0.5078131127153428
uniform,0,single(f32),l1,1.0,0.01,coord,3000,1000,1e-06,0.253634256310761,3000,,1.0,1.0,0.5078131127153428
uniform,0,single(f32),l1,1.0,0.0001,coord,1000,100,0.01,0.013999183662235737,41,,1.0,1.0,0.5041984566142258
uniform,0,single(f32),l1,1.0,0.0001,coord,1000,350,0.01,0.01409186515957117,41,,1.0,1.0,0.5041984566142258
uniform,0,single(f32),l1,1.0,0.0001,coord,1000,500,0.01,0.013932289090007544,41,,1.0,1.0,0.5041984566142258
uniform,0,single(f32),l1,1.0,0.0001,coord,1000,1000,0.01,0.014113505836576223,41,,1.0,1.0,0.5041984566142258
uniform,0,single(f32),l1,1.0,0.0001,coord,1000,100,0.0001,0.03400415601208806,1000,,1.0,1.0,0.5034837450590274
uniform,0,single(f32),l1,1.0,0.0001,coord,1000,350,0.0001,0.034010074101388454,1000,,1.0,1.0,0.5034837450590274
uniform,0,single(f32),l1,1.0,0.0001,coord,1000,500,0.0001,0.03530692821368575,1000,,1.0,1.0,0.5034837450590274
uniform,0,single(f32),l1,1.0,0.0001,coord,1000,1000,0.0001,0.034330091904848814,1000,,1.0,1.0,0.5034837450590274
uniform,0,single(f32),l1,1.0,0.0001,coord,1000,100,1e-06,0.1038934444077313,1000,,1.0,1.0,0.5036392774299643
uniform,0,single(f32),l1,1.0,0.0001,coord,1000,350,1e-06,0.10408333176746964,1000,,1.0,1.0,0.5036392774299643
uniform,0,single(f32),l1,1.0,0.0001,coord,1000,500,1e-06,0.10593771422281861,1000,,1.0,1.0,0.5036392774299643
uniform,0,single(f32),l1,1.0,0.0001,coord,1000,1000,1e-06,0.10624526999890804,1000,,1.0,1.0,0.5036392774299643
uniform,0,single(f32),l1,1.0,0.0001,coord,3000,100,0.01,0.01396077312529087,41,,1.0,1.0,0.5041984566142258
uniform,0,single(f32),l1,1.0,0.0001,coord,3000,350,0.01,0.013867747038602829,41,,1.0,1.0,0.5041984566142258
uniform,0,single(f32),l1,1.0,0.0001,coord,3000,500,0.01,0.013911413960158825,41,,1.0,1.0,0.5041984566142258
uniform,0,single(f32),l1,1.0,0.0001,coord,3000,1000,0.01,0.014302589930593967,41,,1.0,1.0,0.5041984566142258
uniform,0,single(f32),l1,1.0,0.0001,coord,3000,100,0.0001,0.05138088297098875,1332,,1.0,1.0,0.5035089571405849
uniform,0,single(f32),l1,1.0,0.0001,coord,3000,350,0.0001,0.058836678974330425,1332,,1.0,1.0,0.5035089571405849
uniform,0,single(f32),l1,1.0,0.0001,coord,3000,500,0.0001,0.04371967678889632,1332,,1.0,1.0,0.5035089571405849
uniform,0,single(f32),l1,1.0,0.0001,coord,3000,1000,0.0001,0.04169464344158769,1332,,1.0,1.0,0.5035089571405849
uniform,0,single(f32),l1,1.0,0.0001,coord,3000,100,1e-06,0.2520564300939441,3000,,1.0,1.0,0.5038708470590142
uniform,0,single(f32),l1,1.0,0.0001,coord,3000,350,1e-06,0.2673636730760336,3000,,1.0,1.0,0.5038708470590142
uniform,0,single(f32),l1,1.0,0.0001,coord,3000,500,1e-06,0.26505747623741627,3000,,1.0,1.0,0.5038708470590142
uniform,0,single(f32),l1,1.0,0.0001,coord,3000,1000,1e-06,0.28924536891281605,3000,,1.0,1.0,0.5038708470590142
uniform,0,single(f32),l1,1.0,1e-06,coord,1000,100,0.01,0.013677098788321018,38,,1.0,1.0,0.5044365888061132
uniform,0,single(f32),l1,1.0,1e-06,coord,1000,350,0.01,0.013565134722739458,38,,1.0,1.0,0.5044365888061132
uniform,0,single(f32),l1,1.0,1e-06,coord,1000,500,0.01,0.013524016831070185,38,,1.0,1.0,0.5044365888061132
uniform,0,single(f32),l1,1.0,1e-06,coord,1000,1000,0.01,0.013579546008259058,38,,1.0,1.0,0.5044365888061132
uniform,0,single(f32),l1,1.0,1e-06,coord,1000,100,0.0001,0.0378375961445272,1000,,1.0,1.0,0.5032845726381947
uniform,0,single(f32),l1,1.0,1e-06,coord,1000,350,0.0001,0.037785859778523445,1000,,1.0,1.0,0.5032845726381947
uniform,0,single(f32),l1,1.0,1e-06,coord,1000,500,0.0001,0.035652182064950466,1000,,1.0,1.0,0.5032845726381947
uniform,0,single(f32),l1,1.0,1e-06,coord,1000,1000,0.0001,0.037064746953547,1000,,1.0,1.0,0.5032845726381947
uniform,0,single(f32),l1,1.0,1e-06,coord,1000,100,1e-06,0.13926883088424802,1000,,1.0,1.0,0.5040424027921463
uniform,0,single(f32),l1,1.0,1e-06,coord,1000,350,1e-06,0.13970914110541344,1000,,1.0,1.0,0.5040424027921463
uniform,0,single(f32),l1,1.0,1e-06,coord,1000,500,1e-06,0.1427963776513934,1000,,1.0,1.0,0.5040424027921463
uniform,0,single(f32),l1,1.0,1e-06,coord,1000,1000,1e-06,0.12928493414074183,1000,,1.0,1.0,0.5040424027921463
uniform,0,single(f32),l1,1.0,1e-06,coord,3000,100,0.01,0.013903041370213032,38,,1.0,1.0,0.5044365888061132
uniform,0,single(f32),l1,1.0,1e-06,coord,3000,350,0.01,0.013857067096978426,38,,1.0,1.0,0.5044365888061132
uniform,0,single(f32),l1,1.0,1e-06,coord,3000,500,0.01,0.013965156860649586,38,,1.0,1.0,0.5044365888061132
uniform,0,single(f32),l1,1.0,1e-06,coord,3000,1000,0.01,0.013785594142973423,38,,1.0,1.0,0.5044365888061132
uniform,0,single(f32),l1,1.0,1e-06,coord,3000,100,0.0001,0.04231968987733126,1269,,1.0,1.0,0.5033744419700789
uniform,0,single(f32),l1,1.0,1e-06,coord,3000,350,0.0001,0.045120044611394405,1269,,1.0,1.0,0.5033744419700789
uniform,0,single(f32),l1,1.0,1e-06,coord,3000,500,0.0001,0.04065564228221774,1269,,1.0,1.0,0.5033744419700789
uniform,0,single(f32),l1,1.0,1e-06,coord,3000,1000,0.0001,0.04247628292068839,1269,,1.0,1.0,0.5033744419700789
uniform,0,single(f32),l1,1.0,1e-06,coord,3000,100,1e-06,0.34308190923184156,3000,,1.0,1.0,0.5031756518921875
uniform,0,single(f32),l1,1.0,1e-06,coord,3000,350,1e-06,0.37305235816165805,3000,,1.0,1.0,0.5031756518921875
uniform,0,single(f32),l1,1.0,1e-06,coord,3000,500,1e-06,0.3674177350476384,3000,,1.0,1.0,0.5031756518921875
uniform,0,single(f32),l1,1.0,1e-06,coord,3000,1000,1e-06,0.37175744073465466,3000,,1.0,1.0,0.5031756518921875
uniform,0,single(f32),l1,1.0,0.01,coord,1000,100,0.01,0.014153489843010902,44,,1.0,1.0,0.5075384753981889
uniform,0,single(f32),l1,1.0,0.01,coord,1000,350,0.01,0.013880665879696608,44,,1.0,1.0,0.5075384753981889
uniform,0,single(f32),l1,1.0,0.01,coord,1000,500,0.01,0.013977800961583853,44,,1.0,1.0,0.5075384753981889
uniform,0,single(f32),l1,1.0,0.01,coord,1000,1000,0.01,0.013958538882434368,44,,1.0,1.0,0.5075384753981889
uniform,0,single(f32),l1,1.0,0.01,coord,1000,100,0.0001,0.02750459499657154,1000,,1.0,1.0,0.5077693222183691
uniform,0,single(f32),l1,1.0,0.01,coord,1000,350,0.0001,0.027853120118379593,1000,,1.0,1.0,0.5077693222183691
uniform,0,single(f32),l1,1.0,0.01,coord,1000,500,0.0001,0.02749345963820815,1000,,1.0,1.0,0.5077693222183691
uniform,0,single(f32),l1,1.0,0.01,coord,1000,1000,0.0001,0.02792834024876356,1000,,1.0,1.0,0.5077693222183691
uniform,0,single(f32),l1,1.0,0.01,coord,1000,100,1e-06,0.08046193607151508,1000,,1.0,1.0,0.5077206273054669
uniform,0,single(f32),l1,1.0,0.01,coord,1000,350,1e-06,0.07809695973992348,1000,,1.0,1.0,0.5077206273054669
uniform,0,single(f32),l1,1.0,0.01,coord,1000,500,1e-06,0.07496182294562459,1000,,1.0,1.0,0.5077206273054669
uniform,0,single(f32),l1,1.0,0.01,coord,1000,1000,1e-06,0.07768467627465725,1000,,1.0,1.0,0.5077206273054669
uniform,0,single(f32),l1,1.0,0.01,coord,3000,100,0.01,0.014101285021752119,44,,1.0,1.0,0.5075384753981889
uniform,0,single(f32),l1,1.0,0.01,coord,3000,350,0.01,0.014522027224302292,44,,1.0,1.0,0.5075384753981889
uniform,0,single(f32),l1,1.0,0.01,coord,3000,500,0.01,0.01397074107080698,44,,1.0,1.0,0.5075384753981889
uniform,0,single(f32),l1,1.0,0.01,coord,3000,1000,0.01,0.013792137149721384,44,,1.0,1.0,0.5075384753981889
uniform,0,single(f32),l1,1.0,0.01,coord,3000,100,0.0001,0.043295180425047874,1687,,1.0,1.0,0.5077051414787334
uniform,0,single(f32),l1,1.0,0.01,coord,3000,350,0.0001,0.04296045610681176,1687,,1.0,1.0,0.5077051414787334
uniform,0,single(f32),l1,1.0,0.01,coord,3000,500,0.0001,0.043201332446187735,1687,,1.0,1.0,0.5077051414787334
uniform,0,single(f32),l1,1.0,0.01,coord,3000,1000,0.0001,0.042522286996245384,1687,,1.0,1.0,0.5077051414787334
uniform,0,single(f32),l1,1.0,0.01,coord,3000,100,1e-06,0.23950786190107465,3000,,1.0,1.0,0.5078131127153428
uniform,0,single(f32),l1,1.0,0.01,coord,3000,350,1e-06,0.23861849727109075,3000,,1.0,1.0,0.5078131127153428
uniform,0,single(f32),l1,1.0,0.01,coord,3000,500,1e-06,0.24481546692550182,3000,,1.0,1.0,0.5078131127153428
uniform,0,single(f32),l1,1.0,0.01,coord,3000,1000,1e-06,0.23607817385345697,3000,,1.0,1.0,0.5078131127153428
uniform,0,single(f32),l1,1.0,0.0001,coord,1000,100,0.01,0.014024272095412016,41,,1.0,1.0,0.5041984566142258
uniform,0,single(f32),l1,1.0,0.0001,coord,1000,350,0.01,0.014256132300943136,41,,1.0,1.0,0.5041984566142258
uniform,0,single(f32),l1,1.0,0.0001,coord,1000,500,0.01,0.013909399975091219,41,,1.0,1.0,0.5041984566142258
uniform,0,single(f32),l1,1.0,0.0001,coord,1000,1000,0.01,0.01440894789993763,41,,1.0,1.0,0.5041984566142258
uniform,0,single(f32),l1,1.0,0.0001,coord,1000,100,0.0001,0.03468868508934975,1000,,1.0,1.0,0.5034837450590274
uniform,0,single(f32),l1,1.0,0.0001,coord,1000,350,0.0001,0.03430710406973958,1000,,1.0,1.0,0.5034837450590274
uniform,0,single(f32),l1,1.0,0.0001,coord,1000,500,0.0001,0.03500572359189391,1000,,1.0,1.0,0.5034837450590274
uniform,0,single(f32),l1,1.0,0.0001,coord,1000,1000,0.0001,0.03630701499059796,1000,,1.0,1.0,0.5034837450590274
uniform,0,single(f32),l1,1.0,0.0001,coord,1000,100,1e-06,0.10519489319995046,1000,,1.0,1.0,0.5036392774299643
uniform,0,single(f32),l1,1.0,0.0001,coord,1000,350,1e-06,0.09989346796646714,1000,,1.0,1.0,0.5036392774299643
uniform,0,single(f32),l1,1.0,0.0001,coord,1000,500,1e-06,0.1036279876716435,1000,,1.0,1.0,0.5036392774299643
uniform,0,single(f32),l1,1.0,0.0001,coord,1000,1000,1e-06,0.09953139582648873,1000,,1.0,1.0,0.5036392774299643
uniform,0,single(f32),l1,1.0,0.0001,coord,3000,100,0.01,0.013799166772514582,41,,1.0,1.0,0.5041984566142258
uniform,0,single(f32),l1,1.0,0.0001,coord,3000,350,0.01,0.01391948526725173,41,,1.0,1.0,0.5041984566142258
uniform,0,single(f32),l1,1.0,0.0001,coord,3000,500,0.01,0.01375494385138154,41,,1.0,1.0,0.5041984566142258
uniform,0,single(f32),l1,1.0,0.0001,coord,3000,1000,0.01,0.014048588927835226,41,,1.0,1.0,0.5041984566142258
uniform,0,single(f32),l1,1.0,0.0001,coord,3000,100,0.0001,0.04242831328883767,1332,,1.0,1.0,0.5035089571405849
uniform,0,single(f32),l1,1.0,0.0001,coord,3000,350,0.0001,0.0481705516576767,1332,,1.0,1.0,0.5035089571405849
uniform,0,single(f32),l1,1.0,0.0001,coord,3000,500,0.0001,0.06420758226886392,1332,,1.0,1.0,0.5035089571405849
uniform,0,single(f32),l1,1.0,0.0001,coord,3000,1000,0.0001,0.04444365669041872,1332,,1.0,1.0,0.5035089571405849
uniform,0,single(f32),l1,1.0,0.0001,coord,3000,100,1e-06,0.2793711689300835,3000,,1.0,1.0,0.5038708470590142
uniform,0,single(f32),l1,1.0,0.0001,coord,3000,350,1e-06,0.27359742391854525,3000,,1.0,1.0,0.5038708470590142
uniform,0,single(f32),l1,1.0,0.0001,coord,3000,500,1e-06,0.25320332357659936,3000,,1.0,1.0,0.5038708470590142
uniform,0,single(f32),l1,1.0,0.0001,coord,3000,1000,1e-06,0.2767924899235368,3000,,1.0,1.0,0.5038708470590142
uniform,0,single(f32),l1,1.0,1e-06,coord,1000,100,0.01,0.013577484991401434,38,,1.0,1.0,0.5044365888061132
uniform,0,single(f32),l1,1.0,1e-06,coord,1000,350,0.01,0.013602750841528177,38,,1.0,1.0,0.5044365888061132
uniform,0,single(f32),l1,1.0,1e-06,coord,1000,500,0.01,0.013739089947193861,38,,1.0,1.0,0.5044365888061132
uniform,0,single(f32),l1,1.0,1e-06,coord,1000,1000,0.01,0.013522057328373194,38,,1.0,1.0,0.5044365888061132
uniform,0,single(f32),l1,1.0,1e-06,coord,1000,100,0.0001,0.03607187094166875,1000,,1.0,1.0,0.5032845726381947
uniform,0,single(f32),l1,1.0,1e-06,coord,1000,350,0.0001,0.035361815709620714,1000,,1.0,1.0,0.5032845726381947
uniform,0,single(f32),l1,1.0,1e-06,coord,1000,500,0.0001,0.03656743885949254,1000,,1.0,1.0,0.5032845726381947
uniform,0,single(f32),l1,1.0,1e-06,coord,1000,1000,0.0001,0.03573080990463495,1000,,1.0,1.0,0.5032845726381947
uniform,0,single(f32),l1,1.0,1e-06,coord,1000,100,1e-06,0.13363187620416284,1000,,1.0,1.0,0.5040424027921463
uniform,0,single(f32),l1,1.0,1e-06,coord,1000,350,1e-06,0.12369844503700733,1000,,1.0,1.0,0.5040424027921463
uniform,0,single(f32),l1,1.0,1e-06,coord,1000,500,1e-06,0.12973806308582425,1000,,1.0,1.0,0.5040424027921463
uniform,0,single(f32),l1,1.0,1e-06,coord,1000,1000,1e-06,0.13102442305535078,1000,,1.0,1.0,0.5040424027921463
uniform,0,single(f32),l1,1.0,1e-06,coord,3000,100,0.01,0.013687001075595617,38,,1.0,1.0,0.5044365888061132
uniform,0,single(f32),l1,1.0,1e-06,coord,3000,350,0.01,0.013913472183048725,38,,1.0,1.0,0.5044365888061132
uniform,0,single(f32),l1,1.0,1e-06,coord,3000,500,0.01,0.01397773902863264,38,,1.0,1.0,0.5044365888061132
uniform,0,single(f32),l1,1.0,1e-06,coord,3000,1000,0.01,0.014034373685717583,38,,1.0,1.0,0.5044365888061132
uniform,0,single(f32),l1,1.0,1e-06,coord,3000,100,0.0001,0.040307622868567705,1269,,1.0,1.0,0.5033744419700789
uniform,0,single(f32),l1,1.0,1e-06,coord,3000,350,0.0001,0.040643471758812666,1269,,1.0,1.0,0.5033744419700789
uniform,0,single(f32),l1,1.0,1e-06,coord,3000,500,0.0001,0.041574995033442974,1269,,1.0,1.0,0.5033744419700789
uniform,0,single(f32),l1,1.0,1e-06,coord,3000,1000,0.0001,0.04199818801134825,1269,,1.0,1.0,0.5033744419700789
uniform,0,single(f32),l1,1.0,1e-06,coord,3000,100,1e-06,0.32818543585017323,3000,,1.0,1.0,0.5031756518921875
uniform,0,single(f32),l1,1.0,1e-06,coord,3000,350,1e-06,0.3379437327384949,3000,,1.0,1.0,0.5031756518921875
uniform,0,single(f32),l1,1.0,1e-06,coord,3000,500,1e-06,0.35697002289816737,3000,,1.0,1.0,0.5031756518921875
uniform,0,single(f32),l1,1.0,1e-06,coord,3000,1000,1e-06,0.3542092340067029,3000,,1.0,1.0,0.5031756518921875
uniform,0,single(f32),l1,1.0,0.01,coord,1000,100,0.01,0.01388404006138444,44,,1.0,1.0,0.5075384753981889
uniform,0,single(f32),l1,1.0,0.01,coord,1000,350,0.01,0.013929421082139015,44,,1.0,1.0,0.5075384753981889
uniform,0,single(f32),l1,1.0,0.01,coord,1000,500,0.01,0.013835513964295387,44,,1.0,1.0,0.5075384753981889
uniform,0,single(f32),l1,1.0,0.01,coord,1000,1000,0.01,0.01362079894170165,44,,1.0,1.0,0.5075384753981889
uniform,0,single(f32),l1,1.0,0.01,coord,1000,100,0.0001,0.028348024934530258,1000,,1.0,1.0,0.5077693222183691
uniform,0,single(f32),l1,1.0,0.01,coord,1000,350,0.0001,0.027290024794638157,1000,,1.0,1.0,0.5077693222183691
uniform,0,single(f32),l1,1.0,0.01,coord,1000,500,0.0001,0.027896533720195293,1000,,1.0,1.0,0.5077693222183691
uniform,0,single(f32),l1,1.0,0.01,coord,1000,1000,0.0001,0.028507862705737352,1000,,1.0,1.0,0.5077693222183691
uniform,0,single(f32),l1,1.0,0.01,coord,1000,100,1e-06,0.08147848211228848,1000,,1.0,1.0,0.5077206273054669
uniform,0,single(f32),l1,1.0,0.01,coord,1000,350,1e-06,0.07412649085745215,1000,,1.0,1.0,0.5077206273054669
uniform,0,single(f32),l1,1.0,0.01,coord,1000,500,1e-06,0.07430838327854872,1000,,1.0,1.0,0.5077206273054669
uniform,0,single(f32),l1,1.0,0.01,coord,1000,1000,1e-06,0.08082532417029142,1000,,1.0,1.0,0.5077206273054669
uniform,0,single(f32),l1,1.0,0.01,coord,3000,100,0.01,0.013930176850408316,44,,1.0,1.0,0.5075384753981889
uniform,0,single(f32),l1,1.0,0.01,coord,3000,350,0.01,0.013963181991130114,44,,1.0,1.0,0.5075384753981889
uniform,0,single(f32),l1,1.0,0.01,coord,3000,500,0.01,0.014181791804730892,44,,1.0,1.0,0.5075384753981889
uniform,0,single(f32),l1,1.0,0.01,coord,3000,1000,0.01,0.013906612992286682,44,,1.0,1.0,0.5075384753981889
uniform,0,single(f32),l1,1.0,0.01,coord,3000,100,0.0001,0.0442345691844821,1687,,1.0,1.0,0.5077051414787334
uniform,0,single(f32),l1,1.0,0.01,coord,3000,350,0.0001,0.043149159755557775,1687,,1.0,1.0,0.5077051414787334
uniform,0,single(f32),l1,1.0,0.01,coord,3000,500,0.0001,0.041999740060418844,1687,,1.0,1.0,0.5077051414787334
uniform,0,single(f32),l1,1.0,0.01,coord,3000,1000,0.0001,0.042706795036792755,1687,,1.0,1.0,0.5077051414787334
uniform,0,single(f32),l1,1.0,0.01,coord,3000,100,1e-06,0.23898902162909508,3000,,1.0,1.0,0.5078131127153428
uniform,0,single(f32),l1,1.0,0.01,coord,3000,350,1e-06,0.24319796077907085,3000,,1.0,1.0,0.5078131127153428
uniform,0,single(f32),l1,1.0,0.01,coord,3000,500,1e-06,0.23114506714046001,3000,,1.0,1.0,0.5078131127153428
uniform,0,single(f32),l1,1.0,0.01,coord,3000,1000,1e-06,0.24794513126835227,3000,,1.0,1.0,0.5078131127153428
uniform,0,single(f32),l1,1.0,0.0001,coord,1000,100,0.01,0.014667501207441092,41,,1.0,1.0,0.5041984566142258
uniform,0,single(f32),l1,1.0,0.0001,coord,1000,350,0.01,0.014262042008340359,41,,1.0,1.0,0.5041984566142258
uniform,0,single(f32),l1,1.0,0.0001,coord,1000,500,0.01,0.014002586249262094,41,,1.0,1.0,0.5041984566142258
uniform,0,single(f32),l1,1.0,0.0001,coord,1000,1000,0.01,0.01561545580625534,41,,1.0,1.0,0.5041984566142258
uniform,0,single(f32),l1,1.0,0.0001,coord,1000,100,0.0001,0.03524409979581833,1000,,1.0,1.0,0.5034837450590274
uniform,0,single(f32),l1,1.0,0.0001,coord,1000,350,0.0001,0.03411609027534723,1000,,1.0,1.0,0.5034837450590274
uniform,0,single(f32),l1,1.0,0.0001,coord,1000,500,0.0001,0.034019353333860636,1000,,1.0,1.0,0.5034837450590274
uniform,0,single(f32),l1,1.0,0.0001,coord,1000,1000,0.0001,0.035055575892329216,1000,,1.0,1.0,0.5034837450590274
uniform,0,single(f32),l1,1.0,0.0001,coord,1000,100,1e-06,0.09551960229873657,1000,,1.0,1.0,0.5036392774299643
uniform,0,single(f32),l1,1.0,0.0001,coord,1000,350,1e-06,0.09525540983304381,1000,,1.0,1.0,0.5036392774299643
uniform,0,single(f32),l1,1.0,0.0001,coord,1000,500,1e-06,0.1009223903529346,1000,,1.0,1.0,0.5036392774299643
uniform,0,single(f32),l1,1.0,0.0001,coord,1000,1000,1e-06,0.1018194118514657,1000,,1.0,1.0,0.5036392774299643
uniform,0,single(f32),l1,1.0,0.0001,coord,3000,100,0.01,0.014027500990778208,41,,1.0,1.0,0.5041984566142258
uniform,0,single(f32),l1,1.0,0.0001,coord,3000,350,0.01,0.013757343403995037,41,,1.0,1.0,0.5041984566142258
uniform,0,single(f32),l1,1.0,0.0001,coord,3000,500,0.01,0.01373366778716445,41,,1.0,1.0,0.5041984566142258
uniform,0,single(f32),l1,1.0,0.0001,coord,3000,1000,0.01,0.01373154204338789,41,,1.0,1.0,0.5041984566142258
uniform,0,single(f32),l1,1.0,0.0001,coord,3000,100,0.0001,0.042215493973344564,1332,,1.0,1.0,0.5035089571405849
uniform,0,single(f32),l1,1.0,0.0001,coord,3000,350,0.0001,0.04302049893885851,1332,,1.0,1.0,0.5035089571405849
uniform,0,single(f32),l1,1.0,0.0001,coord,3000,500,0.0001,0.04247959889471531,1332,,1.0,1.0,0.5035089571405849
uniform,0,single(f32),l1,1.0,0.0001,coord,3000,1000,0.0001,0.04206447675824165,1332,,1.0,1.0,0.5035089571405849
uniform,0,single(f32),l1,1.0,0.0001,coord,3000,100,1e-06,0.26307290280237794,3000,,1.0,1.0,0.5038708470590142
uniform,0,single(f32),l1,1.0,0.0001,coord,3000,350,1e-06,0.2600930519402027,3000,,1.0,1.0,0.5038708470590142
uniform,0,single(f32),l1,1.0,0.0001,coord,3000,500,1e-06,0.2750979936681688,3000,,1.0,1.0,0.5038708470590142
uniform,0,single(f32),l1,1.0,0.0001,coord,3000,1000,1e-06,0.2870294568128884,3000,,1.0,1.0,0.5038708470590142
uniform,0,single(f32),l1,1.0,1e-06,coord,1000,100,0.01,0.013662765268236399,38,,1.0,1.0,0.5044365888061132
uniform,0,single(f32),l1,1.0,1e-06,coord,1000,350,0.01,0.013672415167093277,38,,1.0,1.0,0.5044365888061132
uniform,0,single(f32),l1,1.0,1e-06,coord,1000,500,0.01,0.013637544587254524,38,,1.0,1.0,0.5044365888061132
uniform,0,single(f32),l1,1.0,1e-06,coord,1000,1000,0.01,0.014306697994470596,38,,1.0,1.0,0.5044365888061132
uniform,0,single(f32),l1,1.0,1e-06,coord,1000,100,0.0001,0.0371887506917119,1000,,1.0,1.0,0.5032845726381947
uniform,0,single(f32),l1,1.0,1e-06,coord,1000,350,0.0001,0.035819617100059986,1000,,1.0,1.0,0.5032845726381947
uniform,0,single(f32),l1,1.0,1e-06,coord,1000,500,0.0001,0.03550618560984731,1000,,1.0,1.0,0.5032845726381947
uniform,0,single(f32),l1,1.0,1e-06,coord,1000,1000,0.0001,0.03614272689446807,1000,,1.0,1.0,0.5032845726381947
uniform,0,single(f32),l1,1.0,1e-06,coord,1000,100,1e-06,0.12519693467766047,1000,,1.0,1.0,0.5040424027921463
uniform,0,single(f32),l1,1.0,1e-06,coord,1000,350,1e-06,0.13031939091160893,1000,,1.0,1.0,0.5040424027921463
uniform,0,single(f32),l1,1.0,1e-06,coord,1000,500,1e-06,0.13025112682953477,1000,,1.0,1.0,0.5040424027921463
uniform,0,single(f32),l1,1.0,1e-06,coord,1000,1000,1e-06,0.1306716501712799,1000,,1.0,1.0,0.5040424027921463
uniform,0,single(f32),l1,1.0,1e-06,coord,3000,100,0.01,0.013825295027345419,38,,1.0,1.0,0.5044365888061132
uniform,0,single(f32),l1,1.0,1e-06,coord,3000,350,0.01,0.013564984314143658,38,,1.0,1.0,0.5044365888061132
uniform,0,single(f32),l1,1.0,1e-06,coord,3000,500,0.01,0.013557168189436197,38,,1.0,1.0,0.5044365888061132
uniform,0,single(f32),l1,1.0,1e-06,coord,3000,1000,0.01,0.013688652776181698,38,,1.0,1.0,0.5044365888061132
uniform,0,single(f32),l1,1.0,1e-06,coord,3000,100,0.0001,0.04275011597201228,1269,,1.0,1.0,0.5033744419700789
uniform,0,single(f32),l1,1.0,1e-06,coord,3000,350,0.0001,0.0413916208781302,1269,,1.0,1.0,0.5033744419700789
uniform,0,single(f32),l1,1.0,1e-06,coord,3000,500,0.0001,0.04141316702589393,1269,,1.0,1.0,0.5033744419700789
uniform,0,single(f32),l1,1.0,1e-06,coord,3000,1000,0.0001,0.04032118432223797,1269,,1.0,1.0,0.5033744419700789
uniform,0,single(f32),l1,1.0,1e-06,coord,3000,100,1e-06,0.35911694820970297,3000,,1.0,1.0,0.5031756518921875
uniform,0,single(f32),l1,1.0,1e-06,coord,3000,350,1e-06,0.34895587293431163,3000,,1.0,1.0,0.5031756518921875
uniform,0,single(f32),l1,1.0,1e-06,coord,3000,500,1e-06,0.3491045809350908,3000,,1.0,1.0,0.5031756518921875
uniform,0,single(f32),l1,1.0,1e-06,coord,3000,1000,1e-06,0.3481433233246207,3000,,1.0,1.0,0.5031756518921875
uniform,0,single(f32),l2,0.0,0.01,coord,1000,100,0.01,0.013580752070993185,38,,1.0,1.0,0.5041530757045273
uniform,0,single(f32),l2,0.0,0.01,coord,1000,350,0.01,0.01346947019919753,38,,1.0,1.0,0.5041530757045273
uniform,0,single(f32),l2,0.0,0.01,coord,1000,500,0.01,0.013493955135345459,38,,1.0,1.0,0.5041530757045273
uniform,0,single(f32),l2,0.0,0.01,coord,1000,1000,0.01,0.013521166052669287,38,,1.0,1.0,0.5041530757045273
uniform,0,single(f32),l2,0.0,0.01,coord,1000,100,0.0001,0.04322257079184055,1000,,1.0,1.0,0.5034917084250581
uniform,0,single(f32),l2,0.0,0.01,coord,1000,350,0.0001,0.04025112418457866,1000,,1.0,1.0,0.5034917084250581
uniform,0,single(f32),l2,0.0,0.01,coord,1000,500,0.0001,0.03707568580284715,1000,,1.0,1.0,0.5034917084250581
uniform,0,single(f32),l2,0.0,0.01,coord,1000,1000,0.0001,0.03717631893232465,1000,,1.0,1.0,0.5034917084250581
uniform,0,single(f32),l2,0.0,0.01,coord,1000,100,1e-06,0.125239510089159,1000,,1.0,1.0,0.5027551772426976
uniform,0,single(f32),l2,0.0,0.01,coord,1000,350,1e-06,0.12548446701839566,1000,,1.0,1.0,0.5027551772426976
uniform,0,single(f32),l2,0.0,0.01,coord,1000,500,1e-06,0.12805139599367976,1000,,1.0,1.0,0.5027551772426976
uniform,0,single(f32),l2,0.0,0.01,coord,1000,1000,1e-06,0.13642106903716922,1000,,1.0,1.0,0.5027551772426976
uniform,0,single(f32),l2,0.0,0.01,coord,3000,100,0.01,0.014756910968571901,38,,1.0,1.0,0.5041530757045273
uniform,0,single(f32),l2,0.0,0.01,coord,3000,350,0.01,0.013640330638736486,38,,1.0,1.0,0.5041530757045273
uniform,0,single(f32),l2,0.0,0.01,coord,3000,500,0.01,0.0142451380379498,38,,1.0,1.0,0.5041530757045273
uniform,0,single(f32),l2,0.0,0.01,coord,3000,1000,0.01,0.013987191952764988,38,,1.0,1.0,0.5041530757045273
uniform,0,single(f32),l2,0.0,0.01,coord,3000,100,0.0001,0.0512140286155045,1459,,1.0,1.0,0.5036062926464739
uniform,0,single(f32),l2,0.0,0.01,coord,3000,350,0.0001,0.05131881404668093,1459,,1.0,1.0,0.5036062926464739
uniform,0,single(f32),l2,0.0,0.01,coord,3000,500,0.0001,0.051866516936570406,1459,,1.0,1.0,0.5036062926464739
uniform,0,single(f32),l2,0.0,0.01,coord,3000,1000,0.0001,0.055366239976137877,1459,,1.0,1.0,0.5036062926464739
uniform,0,single(f32),l2,0.0,0.01,coord,3000,100,1e-06,0.326883842702955,3000,,1.0,1.0,0.5033430212751882
uniform,0,single(f32),l2,0.0,0.01,coord,3000,350,1e-06,0.3762659039348364,3000,,1.0,1.0,0.5033430212751882
uniform,0,single(f32),l2,0.0,0.01,coord,3000,500,1e-06,0.37707724794745445,3000,,1.0,1.0,0.5033430212751882
uniform,0,single(f32),l2,0.0,0.01,coord,3000,1000,1e-06,0.37695686519145966,3000,,1.0,1.0,0.5033430212751882
uniform,0,single(f32),l2,0.0,0.0001,coord,1000,100,0.01,0.013885170686990023,38,,1.0,1.0,0.5044338063695014
uniform,0,single(f32),l2,0.0,0.0001,coord,1000,350,0.01,0.0136869209818542,38,,1.0,1.0,0.5044338063695014
uniform,0,single(f32),l2,0.0,0.0001,coord,1000,500,0.01,0.015569171868264675,38,,1.0,1.0,0.5044338063695014
uniform,0,single(f32),l2,0.0,0.0001,coord,1000,1000,0.01,0.013720339629799128,38,,1.0,1.0,0.5044338063695014
uniform,0,single(f32),l2,0.0,0.0001,coord,1000,100,0.0001,0.03710938198491931,1000,,1.0,1.0,0.5032352987864169
uniform,0,single(f32),l2,0.0,0.0001,coord,1000,350,0.0001,0.03814569395035505,1000,,1.0,1.0,0.5032352987864169
uniform,0,single(f32),l2,0.0,0.0001,coord,1000,500,0.0001,0.03606955660507083,1000,,1.0,1.0,0.5032352987864169
uniform,0,single(f32),l2,0.0,0.0001,coord,1000,1000,0.0001,0.03614641819149256,1000,,1.0,1.0,0.5032352987864169
uniform,0,single(f32),l2,0.0,0.0001,coord,1000,100,1e-06,0.14038107031956315,1000,,1.0,1.0,0.5040352139309063
uniform,0,single(f32),l2,0.0,0.0001,coord,1000,350,1e-06,0.14061377523466945,1000,,1.0,1.0,0.5040352139309063
uniform,0,single(f32),l2,0.0,0.0001,coord,1000,500,1e-06,0.14045683294534683,1000,,1.0,1.0,0.5040352139309063
uniform,0,single(f32),l2,0.0,0.0001,coord,1000,1000,1e-06,0.14023439306765795,1000,,1.0,1.0,0.5040352139309063
uniform,0,single(f32),l2,0.0,0.0001,coord,3000,100,0.01,0.013768489938229322,38,,1.0,1.0,0.5044338063695014
uniform,0,single(f32),l2,0.0,0.0001,coord,3000,350,0.01,0.01389703806489706,38,,1.0,1.0,0.5044338063695014
uniform,0,single(f32),l2,0.0,0.0001,coord,3000,500,0.01,0.01382575323805213,38,,1.0,1.0,0.5044338063695014
uniform,0,single(f32),l2,0.0,0.0001,coord,3000,1000,0.01,0.013601989950984716,38,,1.0,1.0,0.5044338063695014
uniform,0,single(f32),l2,0.0,0.0001,coord,3000,100,0.0001,0.04322128789499402,1344,,1.0,1.0,0.5034342079599657
uniform,0,single(f32),l2,0.0,0.0001,coord,3000,350,0.0001,0.04191024601459503,1344,,1.0,1.0,0.5034342079599657
uniform,0,single(f32),l2,0.0,0.0001,coord,3000,500,0.0001,0.04165289178490639,1344,,1.0,1.0,0.5034342079599657
uniform,0,single(f32),l2,0.0,0.0001,coord,3000,1000,0.0001,0.041458153165876865,1344,,1.0,1.0,0.5034342079599657
uniform,0,single(f32),l2,0.0,0.0001,coord,3000,100,1e-06,0.37272209813818336,3000,,1.0,1.0,0.5031718658243962
uniform,0,single(f32),l2,0.0,0.0001,coord,3000,350,1e-06,0.3602377879433334,3000,,1.0,1.0,0.5031718658243962
uniform,0,single(f32),l2,0.0,0.0001,coord,3000,500,1e-06,0.3544911593198776,3000,,1.0,1.0,0.5031718658243962
uniform,0,single(f32),l2,0.0,0.0001,coord,3000,1000,1e-06,0.37340468168258667,3000,,1.0,1.0,0.5031718658243962
uniform,0,single(f32),l2,0.0,1e-06,coord,1000,100,0.01,0.013621633872389793,38,,1.0,1.0,0.5044371262139661
uniform,0,single(f32),l2,0.0,1e-06,coord,1000,350,0.01,0.013496308121830225,38,,1.0,1.0,0.5044371262139661
uniform,0,single(f32),l2,0.0,1e-06,coord,1000,500,0.01,0.013492979109287262,38,,1.0,1.0,0.5044371262139661
uniform,0,single(f32),l2,0.0,1e-06,coord,1000,1000,0.01,0.013530754949897528,38,,1.0,1.0,0.5044371262139661
uniform,0,single(f32),l2,0.0,1e-06,coord,1000,100,0.0001,0.036760986782610416,1000,,1.0,1.0,0.503301298446539
uniform,0,single(f32),l2,0.0,1e-06,coord,1000,350,0.0001,0.039246246218681335,1000,,1.0,1.0,0.503301298446539
uniform,0,single(f32),l2,0.0,1e-06,coord,1000,500,0.0001,0.036917099729180336,1000,,1.0,1.0,0.503301298446539
uniform,0,single(f32),l2,0.0,1e-06,coord,1000,1000,0.0001,0.03638384398072958,1000,,1.0,1.0,0.503301298446539
uniform,0,single(f32),l2,0.0,1e-06,coord,1000,100,1e-06,0.12414340628311038,1000,,1.0,1.0,0.504040897896056
uniform,0,single(f32),l2,0.0,1e-06,coord,1000,350,1e-06,0.12682670494541526,1000,,1.0,1.0,0.504040897896056
uniform,0,single(f32),l2,0.0,1e-06,coord,1000,500,1e-06,0.13922062097117305,1000,,1.0,1.0,0.504040897896056
uniform,0,single(f32),l2,0.0,1e-06,coord,1000,1000,1e-06,0.12554852571338415,1000,,1.0,1.0,0.504040897896056
uniform,0,single(f32),l2,0.0,1e-06,coord,3000,100,0.01,0.013628499116748571,38,,1.0,1.0,0.5044371262139661
uniform,0,single(f32),l2,0.0,1e-06,coord,3000,350,0.01,0.013521905988454819,38,,1.0,1.0,0.5044371262139661
uniform,0,single(f32),l2,0.0,1e-06,coord,3000,500,0.01,0.013703736010938883,38,,1.0,1.0,0.5044371262139661
uniform,0,single(f32),l2,0.0,1e-06,coord,3000,1000,0.01,0.013691829051822424,38,,1.0,1.0,0.5044371262139661
uniform,0,single(f32),l2,0.0,1e-06,coord,3000,100,0.0001,0.04702695505693555,1433,,1.0,1.0,0.5035492345235588
uniform,0,single(f32),l2,0.0,1e-06,coord,3000,350,0.0001,0.047199557069689035,1433,,1.0,1.0,0.5035492345235588
uniform,0,single(f32),l2,0.0,1e-06,coord,3000,500,0.0001,0.04711559088900685,1433,,1.0,1.0,0.5035492345235588
uniform,0,single(f32),l2,0.0,1e-06,coord,3000,1000,0.0001,0.047327273059636354,1433,,1.0,1.0,0.5035492345235588
uniform,0,single(f32),l2,0.0,1e-06,coord,3000,100,1e-06,0.372078665997833,3000,,1.0,1.0,0.5031953803375633
uniform,0,single(f32),l2,0.0,1e-06,coord,3000,350,1e-06,0.37404794385656714,3000,,1.0,1.0,0.5031953803375633
uniform,0,single(f32),l2,0.0,1e-06,coord,3000,500,1e-06,0.32408903213217854,3000,,1.0,1.0,0.5031953803375633
uniform,0,single(f32),l2,0.0,1e-06,coord,3000,1000,1e-06,0.37053484190255404,3000,,1.0,1.0,0.5031953803375633
uniform,0,single(f32),l2,0.0,0.01,coord,1000,100,0.01,0.013814461883157492,38,,1.0,1.0,0.5041530757045273
uniform,0,single(f32),l2,0.0,0.01,coord,1000,350,0.01,0.013718702830374241,38,,1.0,1.0,0.5041530757045273
uniform,0,single(f32),l2,0.0,0.01,coord,1000,500,0.01,0.0133751449175179,38,,1.0,1.0,0.5041530757045273
uniform,0,single(f32),l2,0.0,0.01,coord,1000,1000,0.01,0.013690043240785599,38,,1.0,1.0,0.5041530757045273
uniform,0,single(f32),l2,0.0,0.01,coord,1000,100,0.0001,0.03756779385730624,1000,,1.0,1.0,0.5034917084250581
uniform,0,single(f32),l2,0.0,0.01,coord,1000,350,0.0001,0.03913223324343562,1000,,1.0,1.0,0.5034917084250581
uniform,0,single(f32),l2,0.0,0.01,coord,1000,500,0.0001,0.038301057647913694,1000,,1.0,1.0,0.5034917084250581
uniform,0,single(f32),l2,0.0,0.01,coord,1000,1000,0.0001,0.037808312103152275,1000,,1.0,1.0,0.5034917084250581
uniform,0,single(f32),l2,0.0,0.01,coord,1000,100,1e-06,0.13509482890367508,1000,,1.0,1.0,0.5027551772426976
uniform,0,single(f32),l2,0.0,0.01,coord,1000,350,1e-06,0.13111000414937735,1000,,1.0,1.0,0.5027551772426976
uniform,0,single(f32),l2,0.0,0.01,coord,1000,500,1e-06,0.123431455809623,1000,,1.0,1.0,0.5027551772426976
uniform,0,single(f32),l2,0.0,0.01,coord,1000,1000,1e-06,0.12521684495732188,1000,,1.0,1.0,0.5027551772426976
uniform,0,single(f32),l2,0.0,0.01,coord,3000,100,0.01,0.013650082983076572,38,,1.0,1.0,0.5041530757045273
uniform,0,single(f32),l2,0.0,0.01,coord,3000,350,0.01,0.013568697962909937,38,,1.0,1.0,0.5041530757045273
uniform,0,single(f32),l2,0.0,0.01,coord,3000,500,0.01,0.013819191139191389,38,,1.0,1.0,0.5041530757045273
uniform,0,single(f32),l2,0.0,0.01,coord,3000,1000,0.01,0.013594952877610922,38,,1.0,1.0,0.5041530757045273
uniform,0,single(f32),l2,0.0,0.01,coord,3000,100,0.0001,0.05262510012835264,1459,,1.0,1.0,0.5036062926464739
uniform,0,single(f32),l2,0.0,0.01,coord,3000,350,0.0001,0.055593591183423996,1459,,1.0,1.0,0.5036062926464739
uniform,0,single(f32),l2,0.0,0.01,coord,3000,500,0.0001,0.05121697438880801,1459,,1.0,1.0,0.5036062926464739
uniform,0,single(f32),l2,0.0,0.01,coord,3000,1000,0.0001,0.053551292046904564,1459,,1.0,1.0,0.5036062926464739
uniform,0,single(f32),l2,0.0,0.01,coord,3000,100,1e-06,0.3300079549662769,3000,,1.0,1.0,0.5033430212751882
uniform,0,single(f32),l2,0.0,0.01,coord,3000,350,1e-06,0.347633246332407,3000,,1.0,1.0,0.5033430212751882
uniform,0,single(f32),l2,0.0,0.01,coord,3000,500,1e-06,0.3544091978110373,3000,,1.0,1.0,0.5033430212751882
uniform,0,single(f32),l2,0.0,0.01,coord,3000,1000,1e-06,0.34591520484536886,3000,,1.0,1.0,0.5033430212751882
uniform,0,single(f32),l2,0.0,0.0001,coord,1000,100,0.01,0.013689509127289057,38,,1.0,1.0,0.5044338063695014
uniform,0,single(f32),l2,0.0,0.0001,coord,1000,350,0.01,0.013613720890134573,38,,1.0,1.0,0.5044338063695014
uniform,0,single(f32),l2,0.0,0.0001,coord,1000,500,0.01,0.013560206163674593,38,,1.0,1.0,0.5044338063695014
uniform,0,single(f32),l2,0.0,0.0001,coord,1000,1000,0.01,0.013723734300583601,38,,1.0,1.0,0.5044338063695014
uniform,0,single(f32),l2,0.0,0.0001,coord,1000,100,0.0001,0.03618872398510575,1000,,1.0,1.0,0.5032352987864169
uniform,0,single(f32),l2,0.0,0.0001,coord,1000,350,0.0001,0.03668166138231754,1000,,1.0,1.0,0.5032352987864169
uniform,0,single(f32),l2,0.0,0.0001,coord,1000,500,0.0001,0.037374242674559355,1000,,1.0,1.0,0.5032352987864169
uniform,0,single(f32),l2,0.0,0.0001,coord,1000,1000,0.0001,0.03619772521778941,1000,,1.0,1.0,0.5032352987864169
uniform,0,single(f32),l2,0.0,0.0001,coord,1000,100,1e-06,0.1303537581115961,1000,,1.0,1.0,0.5040352139309063
uniform,0,single(f32),l2,0.0,0.0001,coord,1000,350,1e-06,0.13162186928093433,1000,,1.0,1.0,0.5040352139309063
uniform,0,single(f32),l2,0.0,0.0001,coord,1000,500,1e-06,0.1304564750753343,1000,,1.0,1.0,0.5040352139309063
uniform,0,single(f32),l2,0.0,0.0001,coord,1000,1000,1e-06,0.1338339508511126,1000,,1.0,1.0,0.5040352139309063
uniform,0,single(f32),l2,0.0,0.0001,coord,3000,100,0.01,0.013661335222423077,38,,1.0,1.0,0.5044338063695014
uniform,0,single(f32),l2,0.0,0.0001,coord,3000,350,0.01,0.013603746891021729,38,,1.0,1.0,0.5044338063695014
uniform,0,single(f32),l2,0.0,0.0001,coord,3000,500,0.01,0.014047740027308464,38,,1.0,1.0,0.5044338063695014
uniform,0,single(f32),l2,0.0,0.0001,coord,3000,1000,0.01,0.014248534105718136,38,,1.0,1.0,0.5044338063695014
uniform,0,single(f32),l2,0.0,0.0001,coord,3000,100,0.0001,0.04353813314810395,1344,,1.0,1.0,0.5034342079599657
uniform,0,single(f32),l2,0.0,0.0001,coord,3000,350,0.0001,0.04315540287643671,1344,,1.0,1.0,0.5034342079599657
uniform,0,single(f32),l2,0.0,0.0001,coord,3000,500,0.0001,0.04255355428904295,1344,,1.0,1.0,0.5034342079599657
uniform,0,single(f32),l2,0.0,0.0001,coord,3000,1000,0.0001,0.042669884860515594,1344,,1.0,1.0,0.5034342079599657
uniform,0,single(f32),l2,0.0,0.0001,coord,3000,100,1e-06,0.3476490546017885,3000,,1.0,1.0,0.5031718658243962
uniform,0,single(f32),l2,0.0,0.0001,coord,3000,350,1e-06,0.35666239401325583,3000,,1.0,1.0,0.5031718658243962
uniform,0,single(f32),l2,0.0,0.0001,coord,3000,500,1e-06,0.35384986409917474,3000,,1.0,1.0,0.5031718658243962
uniform,0,single(f32),l2,0.0,0.0001,coord,3000,1000,1e-06,0.3544552167877555,3000,,1.0,1.0,0.5031718658243962
uniform,0,single(f32),l2,0.0,1e-06,coord,1000,100,0.01,0.013840593863278627,38,,1.0,1.0,0.5044371262139661
uniform,0,single(f32),l2,0.0,1e-06,coord,1000,350,0.01,0.013790236320346594,38,,1.0,1.0,0.5044371262139661
uniform,0,single(f32),l2,0.0,1e-06,coord,1000,500,0.01,0.014304340351372957,38,,1.0,1.0,0.5044371262139661
uniform,0,single(f32),l2,0.0,1e-06,coord,1000,1000,0.01,0.013585591223090887,38,,1.0,1.0,0.5044371262139661
uniform,0,single(f32),l2,0.0,1e-06,coord,1000,100,0.0001,0.03620850993320346,1000,,1.0,1.0,0.503301298446539
uniform,0,single(f32),l2,0.0,1e-06,coord,1000,350,0.0001,0.03723885305225849,1000,,1.0,1.0,0.503301298446539
uniform,0,single(f32),l2,0.0,1e-06,coord,1000,500,0.0001,0.03746564406901598,1000,,1.0,1.0,0.503301298446539
uniform,0,single(f32),l2,0.0,1e-06,coord,1000,1000,0.0001,0.0370048051699996,1000,,1.0,1.0,0.503301298446539
uniform,0,single(f32),l2,0.0,1e-06,coord,1000,100,1e-06,0.1281689489260316,1000,,1.0,1.0,0.504040897896056
uniform,0,single(f32),l2,0.0,1e-06,coord,1000,350,1e-06,0.1299361721612513,1000,,1.0,1.0,0.504040897896056
uniform,0,single(f32),l2,0.0,1e-06,coord,1000,500,1e-06,0.13384895725175738,1000,,1.0,1.0,0.504040897896056
uniform,0,single(f32),l2,0.0,1e-06,coord,1000,1000,1e-06,0.13191500259563327,1000,,1.0,1.0,0.504040897896056
uniform,0,single(f32),l2,0.0,1e-06,coord,3000,100,0.01,0.01354609802365303,38,,1.0,1.0,0.5044371262139661
uniform,0,single(f32),l2,0.0,1e-06,coord,3000,350,0.01,0.013522728346288204,38,,1.0,1.0,0.5044371262139661
uniform,0,single(f32),l2,0.0,1e-06,coord,3000,500,0.01,0.013533423654735088,38,,1.0,1.0,0.5044371262139661
uniform,0,single(f32),l2,0.0,1e-06,coord,3000,1000,0.01,0.013700333889573812,38,,1.0,1.0,0.5044371262139661
uniform,0,single(f32),l2,0.0,1e-06,coord,3000,100,0.0001,0.046625514049082994,1433,,1.0,1.0,0.5035492345235588
uniform,0,single(f32),l2,0.0,1e-06,coord,3000,350,0.0001,0.045032278168946505,1433,,1.0,1.0,0.5035492345235588
uniform,0,single(f32),l2,0.0,1e-06,coord,3000,500,0.0001,0.046494266018271446,1433,,1.0,1.0,0.5035492345235588
uniform,0,single(f32),l2,0.0,1e-06,coord,3000,1000,0.0001,0.04528171895071864,1433,,1.0,1.0,0.5035492345235588
uniform,0,single(f32),l2,0.0,1e-06,coord,3000,100,1e-06,0.33606459805741906,3000,,1.0,1.0,0.5031953803375633
uniform,0,single(f32),l2,0.0,1e-06,coord,3000,350,1e-06,0.34163439786061645,3000,,1.0,1.0,0.5031953803375633
uniform,0,single(f32),l2,0.0,1e-06,coord,3000,500,1e-06,0.32881209533661604,3000,,1.0,1.0,0.5031953803375633
uniform,0,single(f32),l2,0.0,1e-06,coord,3000,1000,1e-06,0.3598899319767952,3000,,1.0,1.0,0.5031953803375633
uniform,0,single(f32),l2,0.0,0.01,coord,1000,100,0.01,0.013564486987888813,38,,1.0,1.0,0.5041530757045273
uniform,0,single(f32),l2,0.0,0.01,coord,1000,350,0.01,0.013456284068524837,38,,1.0,1.0,0.5041530757045273
uniform,0,single(f32),l2,0.0,0.01,coord,1000,500,0.01,0.013561679050326347,38,,1.0,1.0,0.5041530757045273
uniform,0,single(f32),l2,0.0,0.01,coord,1000,1000,0.01,0.013523624278604984,38,,1.0,1.0,0.5041530757045273
uniform,0,single(f32),l2,0.0,0.01,coord,1000,100,0.0001,0.038730316795408726,1000,,1.0,1.0,0.5034917084250581
uniform,0,single(f32),l2,0.0,0.01,coord,1000,350,0.0001,0.03878852026537061,1000,,1.0,1.0,0.5034917084250581
uniform,0,single(f32),l2,0.0,0.01,coord,1000,500,0.0001,0.03993965219706297,1000,,1.0,1.0,0.5034917084250581
uniform,0,single(f32),l2,0.0,0.01,coord,1000,1000,0.0001,0.03797772713005543,1000,,1.0,1.0,0.5034917084250581
uniform,0,single(f32),l2,0.0,0.01,coord,1000,100,1e-06,0.14060589391738176,1000,,1.0,1.0,0.5027551772426976
uniform,0,single(f32),l2,0.0,0.01,coord,1000,350,1e-06,0.139885941054672,1000,,1.0,1.0,0.5027551772426976
uniform,0,single(f32),l2,0.0,0.01,coord,1000,500,1e-06,0.12893514102324843,1000,,1.0,1.0,0.5027551772426976
uniform,0,single(f32),l2,0.0,0.01,coord,1000,1000,1e-06,0.13752659782767296,1000,,1.0,1.0,0.5027551772426976
uniform,0,single(f32),l2,0.0,0.01,coord,3000,100,0.01,0.013534844852983952,38,,1.0,1.0,0.5041530757045273
uniform,0,single(f32),l2,0.0,0.01,coord,3000,350,0.01,0.013720333576202393,38,,1.0,1.0,0.5041530757045273
uniform,0,single(f32),l2,0.0,0.01,coord,3000,500,0.01,0.014089702628552914,38,,1.0,1.0,0.5041530757045273
uniform,0,single(f32),l2,0.0,0.01,coord,3000,1000,0.01,0.013913592789322138,38,,1.0,1.0,0.5041530757045273
uniform,0,single(f32),l2,0.0,0.01,coord,3000,100,0.0001,0.05081452475860715,1459,,1.0,1.0,0.5036062926464739
uniform,0,single(f32),l2,0.0,0.01,coord,3000,350,0.0001,0.054044527001678944,1459,,1.0,1.0,0.5036062926464739
uniform,0,single(f32),l2,0.0,0.01,coord,3000,500,0.0001,0.053065366111695766,1459,,1.0,1.0,0.5036062926464739
uniform,0,single(f32),l2,0.0,0.01,coord,3000,1000,0.0001,0.0512050767429173,1459,,1.0,1.0,0.5036062926464739
uniform,0,single(f32),l2,0.0,0.01,coord,3000,100,1e-06,0.353343325201422,3000,,1.0,1.0,0.5033430212751882
uniform,0,single(f32),l2,0.0,0.01,coord,3000,350,1e-06,0.37158450996503234,3000,,1.0,1.0,0.5033430212751882
uniform,0,single(f32),l2,0.0,0.01,coord,3000,500,1e-06,0.3505652928724885,3000,,1.0,1.0,0.5033430212751882
uniform,0,single(f32),l2,0.0,0.01,coord,3000,1000,1e-06,0.3499818267300725,3000,,1.0,1.0,0.5033430212751882
uniform,0,single(f32),l2,0.0,0.0001,coord,1000,100,0.01,0.01380367111414671,38,,1.0,1.0,0.5044338063695014
uniform,0,single(f32),l2,0.0,0.0001,coord,1000,350,0.01,0.013994755689054728,38,,1.0,1.0,0.5044338063695014
uniform,0,single(f32),l2,0.0,0.0001,coord,1000,500,0.01,0.013720536138862371,38,,1.0,1.0,0.5044338063695014
uniform,0,single(f32),l2,0.0,0.0001,coord,1000,1000,0.01,0.013845555949956179,38,,1.0,1.0,0.5044338063695014
uniform,0,single(f32),l2,0.0,0.0001,coord,1000,100,0.0001,0.03570849681273103,1000,,1.0,1.0,0.5032352987864169
uniform,0,single(f32),l2,0.0,0.0001,coord,1000,350,0.0001,0.03813153086230159,1000,,1.0,1.0,0.5032352987864169
uniform,0,single(f32),l2,0.0,0.0001,coord,1000,500,0.0001,0.03636926971375942,1000,,1.0,1.0,0.5032352987864169
uniform,0,single(f32),l2,0.0,0.0001,coord,1000,1000,0.0001,0.03635362209752202,1000,,1.0,1.0,0.5032352987864169
uniform,0,single(f32),l2,0.0,0.0001,coord,1000,100,1e-06,0.13230082113295794,1000,,1.0,1.0,0.5040352139309063
uniform,0,single(f32),l2,0.0,0.0001,coord,1000,350,1e-06,0.13302667206153274,1000,,1.0,1.0,0.5040352139309063
uniform,0,single(f32),l2,0.0,0.0001,coord,1000,500,1e-06,0.13664848683401942,1000,,1.0,1.0,0.5040352139309063
uniform,0,single(f32),l2,0.0,0.0001,coord,1000,1000,1e-06,0.13513223314657807,1000,,1.0,1.0,0.5040352139309063
uniform,0,single(f32),l2,0.0,0.0001,coord,3000,100,0.01,0.013654462993144989,38,,1.0,1.0,0.5044338063695014
uniform,0,single(f32),l2,0.0,0.0001,coord,3000,350,0.01,0.013649211265146732,38,,1.0,1.0,0.5044338063695014
uniform,0,single(f32),l2,0.0,0.0001,coord,3000,500,0.01,0.01372795132920146,38,,1.0,1.0,0.5044338063695014
uniform,0,single(f32),l2,0.0,0.0001,coord,3000,1000,0.01,0.013643738348037004,38,,1.0,1.0,0.5044338063695014
uniform,0,single(f32),l2,0.0,0.0001,coord,3000,100,0.0001,0.04329150915145874,1344,,1.0,1.0,0.5034342079599657
uniform,0,single(f32),l2,0.0,0.0001,coord,3000,350,0.0001,0.04154981020838022,1344,,1.0,1.0,0.5034342079599657
uniform,0,single(f32),l2,0.0,0.0001,coord,3000,500,0.0001,0.0430641109123826,1344,,1.0,1.0,0.5034342079599657
uniform,0,single(f32),l2,0.0,0.0001,coord,3000,1000,0.0001,0.041913018096238375,1344,,1.0,1.0,0.5034342079599657
uniform,0,single(f32),l2,0.0,0.0001,coord,3000,100,1e-06,0.34563838690519333,3000,,1.0,1.0,0.5031718658243962
uniform,0,single(f32),l2,0.0,0.0001,coord,3000,350,1e-06,0.3408109722658992,3000,,1.0,1.0,0.5031718658243962
uniform,0,single(f32),l2,0.0,0.0001,coord,3000,500,1e-06,0.3475815085694194,3000,,1.0,1.0,0.5031718658243962
uniform,0,single(f32),l2,0.0,0.0001,coord,3000,1000,1e-06,0.3274993156082928,3000,,1.0,1.0,0.5031718658243962
uniform,0,single(f32),l2,0.0,1e-06,coord,1000,100,0.01,0.01356465695425868,38,,1.0,1.0,0.5044371262139661
uniform,0,single(f32),l2,0.0,1e-06,coord,1000,350,0.01,0.013542220927774906,38,,1.0,1.0,0.5044371262139661
uniform,0,single(f32),l2,0.0,1e-06,coord,1000,500,0.01,0.013756493106484413,38,,1.0,1.0,0.5044371262139661
uniform,0,single(f32),l2,0.0,1e-06,coord,1000,1000,0.01,0.013822323177009821,38,,1.0,1.0,0.5044371262139661
uniform,0,single(f32),l2,0.0,1e-06,coord,1000,100,0.0001,0.03659698413684964,1000,,1.0,1.0,0.503301298446539
uniform,0,single(f32),l2,0.0,1e-06,coord,1000,350,0.0001,0.03646425297483802,1000,,1.0,1.0,0.503301298446539
uniform,0,single(f32),l2,0.0,1e-06,coord,1000,500,0.0001,0.03738879505544901,1000,,1.0,1.0,0.503301298446539
uniform,0,single(f32),l2,0.0,1e-06,coord,1000,1000,0.0001,0.03830491891130805,1000,,1.0,1.0,0.503301298446539
uniform,0,single(f32),l2,0.0,1e-06,coord,1000,100,1e-06,0.1303324569016695,1000,,1.0,1.0,0.504040897896056
uniform,0,single(f32),l2,0.0,1e-06,coord,1000,350,1e-06,0.13288483396172523,1000,,1.0,1.0,0.504040897896056
uniform,0,single(f32),l2,0.0,1e-06,coord,1000,500,1e-06,0.12415785901248455,1000,,1.0,1.0,0.504040897896056
uniform,0,single(f32),l2,0.0,1e-06,coord,1000,1000,1e-06,0.12408469896763563,1000,,1.0,1.0,0.504040897896056
uniform,0,single(f32),l2,0.0,1e-06,coord,3000,100,0.01,0.013694780878722668,38,,1.0,1.0,0.5044371262139661
uniform,0,single(f32),l2,0.0,1e-06,coord,3000,350,0.01,0.014071269892156124,38,,1.0,1.0,0.5044371262139661
uniform,0,single(f32),l2,0.0,1e-06,coord,3000,500,0.01,0.01408416498452425,38,,1.0,1.0,0.5044371262139661
uniform,0,single(f32),l2,0.0,1e-06,coord,3000,1000,0.01,0.013985428027808666,38,,1.0,1.0,0.5044371262139661
uniform,0,single(f32),l2,0.0,1e-06,coord,3000,100,0.0001,0.04481245810166001,1433,,1.0,1.0,0.5035492345235588
uniform,0,single(f32),l2,0.0,1e-06,coord,3000,350,0.0001,0.044101926032453775,1433,,1.0,1.0,0.5035492345235588
uniform,0,single(f32),l2,0.0,1e-06,coord,3000,500,0.0001,0.04360916977748275,1433,,1.0,1.0,0.5035492345235588
uniform,0,single(f32),l2,0.0,1e-06,coord,3000,1000,0.0001,0.0455283778719604,1433,,1.0,1.0,0.5035492345235588
uniform,0,single(f32),l2,0.0,1e-06,coord,3000,100,1e-06,0.3468545563519001,3000,,1.0,1.0,0.5031953803375633
uniform,0,single(f32),l2,0.0,1e-06,coord,3000,350,1e-06,0.3302045059390366,3000,,1.0,1.0,0.5031953803375633
uniform,0,single(f32),l2,0.0,1e-06,coord,3000,500,1e-06,0.33146746177226305,3000,,1.0,1.0,0.5031953803375633
uniform,0,single(f32),l2,0.0,1e-06,coord,3000,1000,1e-06,0.3322256011888385,3000,,1.0,1.0,0.5031953803375633
uniform,0,single(f32),l2,0.0,0.01,coord,1000,100,0.01,0.014038398396223783,38,,1.0,1.0,0.5041530757045273
uniform,0,single(f32),l2,0.0,0.01,coord,1000,350,0.01,0.013417222071439028,38,,1.0,1.0,0.5041530757045273
uniform,0,single(f32),l2,0.0,0.01,coord,1000,500,0.01,0.013339987024664879,38,,1.0,1.0,0.5041530757045273
uniform,0,single(f32),l2,0.0,0.01,coord,1000,1000,0.01,0.013466007076203823,38,,1.0,1.0,0.5041530757045273
uniform,0,single(f32),l2,0.0,0.01,coord,1000,100,0.0001,0.037328596226871014,1000,,1.0,1.0,0.5034917084250581
uniform,0,single(f32),l2,0.0,0.01,coord,1000,350,0.0001,0.03854139614850283,1000,,1.0,1.0,0.5034917084250581
uniform,0,single(f32),l2,0.0,0.01,coord,1000,500,0.0001,0.03795756585896015,1000,,1.0,1.0,0.5034917084250581
uniform,0,single(f32),l2,0.0,0.01,coord,1000,1000,0.0001,0.037242771591991186,1000,,1.0,1.0,0.5034917084250581
uniform,0,single(f32),l2,0.0,0.01,coord,1000,100,1e-06,0.1315748211927712,1000,,1.0,1.0,0.5027551772426976
uniform,0,single(f32),l2,0.0,0.01,coord,1000,350,1e-06,0.1315904171206057,1000,,1.0,1.0,0.5027551772426976
uniform,0,single(f32),l2,0.0,0.01,coord,1000,500,1e-06,0.12334642000496387,1000,,1.0,1.0,0.5027551772426976
uniform,0,single(f32),l2,0.0,0.01,coord,1000,1000,1e-06,0.12963027879595757,1000,,1.0,1.0,0.5027551772426976
uniform,0,single(f32),l2,0.0,0.01,coord,3000,100,0.01,0.0135107790119946,38,,1.0,1.0,0.5041530757045273
uniform,0,single(f32),l2,0.0,0.01,coord,3000,350,0.01,0.013545871712267399,38,,1.0,1.0,0.5041530757045273
uniform,0,single(f32),l2,0.0,0.01,coord,3000,500,0.01,0.013398761861026287,38,,1.0,1.0,0.5041530757045273
uniform,0,single(f32),l2,0.0,0.01,coord,3000,1000,0.01,0.013561856932938099,38,,1.0,1.0,0.5041530757045273
uniform,0,single(f32),l2,0.0,0.01,coord,3000,100,0.0001,0.05132525414228439,1459,,1.0,1.0,0.5036062926464739
uniform,0,single(f32),l2,0.0,0.01,coord,3000,350,0.0001,0.05563576612621546,1459,,1.0,1.0,0.5036062926464739
uniform,0,single(f32),l2,0.0,0.01,coord,3000,500,0.0001,0.054624306969344616,1459,,1.0,1.0,0.5036062926464739
uniform,0,single(f32),l2,0.0,0.01,coord,3000,1000,0.0001,0.05058211088180542,1459,,1.0,1.0,0.5036062926464739
uniform,0,single(f32),l2,0.0,0.01,coord,3000,100,1e-06,0.3279249961487949,3000,,1.0,1.0,0.5033430212751882
uniform,0,single(f32),l2,0.0,0.01,coord,3000,350,1e-06,0.37107691913843155,3000,,1.0,1.0,0.5033430212751882
uniform,0,single(f32),l2,0.0,0.01,coord,3000,500,1e-06,0.34515849873423576,3000,,1.0,1.0,0.5033430212751882
uniform,0,single(f32),l2,0.0,0.01,coord,3000,1000,1e-06,0.3449643962085247,3000,,1.0,1.0,0.5033430212751882
uniform,0,single(f32),l2,0.0,0.0001,coord,1000,100,0.01,0.013893204741179943,38,,1.0,1.0,0.5044338063695014
uniform,0,single(f32),l2,0.0,0.0001,coord,1000,350,0.01,0.013890534173697233,38,,1.0,1.0,0.5044338063695014
uniform,0,single(f32),l2,0.0,0.0001,coord,1000,500,0.01,0.013798110652714968,38,,1.0,1.0,0.5044338063695014
uniform,0,single(f32),l2,0.0,0.0001,coord,1000,1000,0.01,0.013710031751543283,38,,1.0,1.0,0.5044338063695014
uniform,0,single(f32),l2,0.0,0.0001,coord,1000,100,0.0001,0.03715779026970267,1000,,1.0,1.0,0.5032352987864169
uniform,0,single(f32),l2,0.0,0.0001,coord,1000,350,0.0001,0.035834197886288166,1000,,1.0,1.0,0.5032352987864169
uniform,0,single(f32),l2,0.0,0.0001,coord,1000,500,0.0001,0.03864016802981496,1000,,1.0,1.0,0.5032352987864169
uniform,0,single(f32),l2,0.0,0.0001,coord,1000,1000,0.0001,0.03823969606310129,1000,,1.0,1.0,0.5032352987864169
uniform,0,single(f32),l2,0.0,0.0001,coord,1000,100,1e-06,0.1384181478060782,1000,,1.0,1.0,0.5040352139309063
uniform,0,single(f32),l2,0.0,0.0001,coord,1000,350,1e-06,0.14060723688453436,1000,,1.0,1.0,0.5040352139309063
uniform,0,single(f32),l2,0.0,0.0001,coord,1000,500,1e-06,0.14160463213920593,1000,,1.0,1.0,0.5040352139309063
uniform,0,single(f32),l2,0.0,0.0001,coord,1000,1000,1e-06,0.14011524198576808,1000,,1.0,1.0,0.5040352139309063
uniform,0,single(f32),l2,0.0,0.0001,coord,3000,100,0.01,0.013716978020966053,38,,1.0,1.0,0.5044338063695014
uniform,0,single(f32),l2,0.0,0.0001,coord,3000,350,0.01,0.013560666237026453,38,,1.0,1.0,0.5044338063695014
uniform,0,single(f32),l2,0.0,0.0001,coord,3000,500,0.01,0.013561571016907692,38,,1.0,1.0,0.5044338063695014
uniform,0,single(f32),l2,0.0,0.0001,coord,3000,1000,0.01,0.01358818169683218,38,,1.0,1.0,0.5044338063695014
uniform,0,single(f32),l2,0.0,0.0001,coord,3000,100,0.0001,0.04210615437477827,1344,,1.0,1.0,0.5034342079599657
uniform,0,single(f32),l2,0.0,0.0001,coord,3000,350,0.0001,0.04418542701750994,1344,,1.0,1.0,0.5034342079599657
uniform,0,single(f32),l2,0.0,0.0001,coord,3000,500,0.0001,0.04223492415621877,1344,,1.0,1.0,0.5034342079599657
uniform,0,single(f32),l2,0.0,0.0001,coord,3000,1000,0.0001,0.044256674125790596,1344,,1.0,1.0,0.5034342079599657
uniform,0,single(f32),l2,0.0,0.0001,coord,3000,100,1e-06,0.36525102984160185,3000,,1.0,1.0,0.5031718658243962
uniform,0,single(f32),l2,0.0,0.0001,coord,3000,350,1e-06,0.37436838913708925,3000,,1.0,1.0,0.5031718658243962
uniform,0,single(f32),l2,0.0,0.0001,coord,3000,500,1e-06,0.374589528888464,3000,,1.0,1.0,0.5031718658243962
uniform,0,single(f32),l2,0.0,0.0001,coord,3000,1000,1e-06,0.3696116697974503,3000,,1.0,1.0,0.5031718658243962
uniform,0,single(f32),l2,0.0,1e-06,coord,1000,100,0.01,0.0137764778919518,38,,1.0,1.0,0.5044371262139661
uniform,0,single(f32),l2,0.0,1e-06,coord,1000,350,0.01,0.013667500112205744,38,,1.0,1.0,0.5044371262139661
uniform,0,single(f32),l2,0.0,1e-06,coord,1000,500,0.01,0.013830780982971191,38,,1.0,1.0,0.5044371262139661
uniform,0,single(f32),l2,0.0,1e-06,coord,1000,1000,0.01,0.014198543969541788,38,,1.0,1.0,0.5044371262139661
uniform,0,single(f32),l2,0.0,1e-06,coord,1000,100,0.0001,0.03998200874775648,1000,,1.0,1.0,0.503301298446539
uniform,0,single(f32),l2,0.0,1e-06,coord,1000,350,0.0001,0.03665789868682623,1000,,1.0,1.0,0.503301298446539
uniform,0,single(f32),l2,0.0,1e-06,coord,1000,500,0.0001,0.03912275284528732,1000,,1.0,1.0,0.503301298446539
uniform,0,single(f32),l2,0.0,1e-06,coord,1000,1000,0.0001,0.03642634628340602,1000,,1.0,1.0,0.503301298446539
uniform,0,single(f32),l2,0.0,1e-06,coord,1000,100,1e-06,0.1402354589663446,1000,,1.0,1.0,0.504040897896056
uniform,0,single(f32),l2,0.0,1e-06,coord,1000,350,1e-06,0.14047205867245793,1000,,1.0,1.0,0.504040897896056
uniform,0,single(f32),l2,0.0,1e-06,coord,1000,500,1e-06,0.1413285150192678,1000,,1.0,1.0,0.504040897896056
uniform,0,single(f32),l2,0.0,1e-06,coord,1000,1000,1e-06,0.12436206405982375,1000,,1.0,1.0,0.504040897896056
uniform,0,single(f32),l2,0.0,1e-06,coord,3000,100,0.01,0.013664238154888153,38,,1.0,1.0,0.5044371262139661
uniform,0,single(f32),l2,0.0,1e-06,coord,3000,350,0.01,0.014400375075638294,38,,1.0,1.0,0.5044371262139661
uniform,0,single(f32),l2,0.0,1e-06,coord,3000,500,0.01,0.01362081803381443,38,,1.0,1.0,0.5044371262139661
uniform,0,single(f32),l2,0.0,1e-06,coord,3000,1000,0.01,0.013771953992545605,38,,1.0,1.0,0.5044371262139661
uniform,0,single(f32),l2,0.0,1e-06,coord,3000,100,0.0001,0.0447130361571908,1433,,1.0,1.0,0.5035492345235588
uniform,0,single(f32),l2,0.0,1e-06,coord,3000,350,0.0001,0.04746892396360636,1433,,1.0,1.0,0.5035492345235588
uniform,0,single(f32),l2,0.0,1e-06,coord,3000,500,0.0001,0.045947032049298286,1433,,1.0,1.0,0.5035492345235588
uniform,0,single(f32),l2,0.0,1e-06,coord,3000,1000,0.0001,0.047548113856464624,1433,,1.0,1.0,0.5035492345235588
uniform,0,single(f32),l2,0.0,1e-06,coord,3000,100,1e-06,0.37595355696976185,3000,,1.0,1.0,0.5031953803375633
uniform,0,single(f32),l2,0.0,1e-06,coord,3000,350,1e-06,0.3746352354064584,3000,,1.0,1.0,0.5031953803375633
uniform,0,single(f32),l2,0.0,1e-06,coord,3000,500,1e-06,0.375105740968138,3000,,1.0,1.0,0.5031953803375633
uniform,0,single(f32),l2,0.0,1e-06,coord,3000,1000,1e-06,0.34040497103706,3000,,1.0,1.0,0.5031953803375633
